-- phpMyAdmin SQL Dump
-- version 4.9.3
-- https://www.phpmyadmin.net/
--
-- Host: localhost:3306
-- Generation Time: Oct 31, 2020 at 08:31 PM
-- Server version: 5.7.26
-- PHP Version: 7.4.2

SET SQL_MODE = "NO_AUTO_VALUE_ON_ZERO";
SET time_zone = "+00:00";


/*!40101 SET @OLD_CHARACTER_SET_CLIENT=@@CHARACTER_SET_CLIENT */;
/*!40101 SET @OLD_CHARACTER_SET_RESULTS=@@CHARACTER_SET_RESULTS */;
/*!40101 SET @OLD_COLLATION_CONNECTION=@@COLLATION_CONNECTION */;
/*!40101 SET NAMES utf8mb4 */;

--
-- Database: `deussearch`
--

-- --------------------------------------------------------

--
-- Table structure for table `link_igdb_rawg`
--

CREATE TABLE `link_igdb_rawg` (
  `id` int(11) NOT NULL,
  `id_igdb` int(255) NOT NULL,
  `id_rawg` int(255) NOT NULL,
  `rating_rawg` varchar(255) NOT NULL,
  `clip_url` text
) ENGINE=InnoDB DEFAULT CHARSET=utf8;

--
-- Dumping data for table `link_igdb_rawg`
--

INSERT INTO `link_igdb_rawg` (`id`, `id_igdb`, `id_rawg`, `rating_rawg`, `clip_url`) VALUES
(1, 75620, 49679, '0', ''),
(2, 74875, 49295, '0', ''),
(3, 74539, 48954, '0', ''),
(4, 56639, 46244, '0', ''),
(5, 56208, 64286, '0', ''),
(6, 53310, 45093, '0', ''),
(7, 47164, 44399, '0', ''),
(8, 41029, 29267, '0', ''),
(9, 38799, 23582, '0', ''),
(10, 35257, 20124, '0', ''),
(11, 34873, 17290, '0', ''),
(12, 34639, 13734, '1.87', ''),
(13, 34616, 17203, '0', 'https://media.rawg.io/media/stories-640/122/122620e4ff963ddf301b1ac1aa0c385b.mp4'),
(14, 34334, 10294, '0', ''),
(15, 33505, 17625, '0', ''),
(16, 33121, 15227, '0', ''),
(17, 32523, 15938, '0', ''),
(18, 32480, 14644, '1.33', ''),
(19, 32448, 13193, '0', ''),
(20, 31270, 17209, '0', ''),
(21, 30693, 10650, '0', ''),
(22, 30634, 9440, '0', ''),
(23, 30037, 11235, '0', ''),
(24, 29981, 9990, '0', ''),
(25, 28679, 22111, '0', ''),
(26, 26576, 15505, '0', ''),
(27, 26121, 11914, '0', ''),
(28, 22752, 13787, '0', ''),
(29, 22139, 20048, '0', ''),
(30, 20991, 9748, '0', ''),
(31, 18214, 15388, '0', ''),
(32, 132139, 428555, '3.48', 'https://media.rawg.io/media/stories-640/381/381d35eb67beae1aed83756e9dbd67b3.mp4'),
(33, 131660, 427946, '0', ''),
(34, 74330, 47466, '3.86', ''),
(35, 125357, 428614, '0', ''),
(36, 27094, 10898, '3.88', ''),
(37, 74904, 49268, '4.04', ''),
(38, 19396, 16551, '3.46', 'https://media.rawg.io/media/stories-640/8c7/8c712cedd2b08fe06a8c2889cd67cedd.mp4'),
(39, 81173, 50919, '3.27', ''),
(40, 114420, 292957, '3.15', ''),
(41, 24105, 22576, '2.91', ''),
(42, 18184, 16132, '3.7', ''),
(43, 68682, 46866, '4.06', ''),
(44, 18751, 8655, '3.42', ''),
(45, 74492, 368950, '0', ''),
(46, 36743, 28062, '2.94', ''),
(47, 28342, 17105, '2.54', ''),
(48, 31712, 15268, '3.35', 'https://media.rawg.io/media/stories-640/2b5/2b54357df331b7608ce98231003e03b3.mp4'),
(49, 27116, 9555, '2.73', ''),
(50, 17457, 7281, '0', ''),
(51, 119805, 322382, '0', ''),
(52, 100581, 62344, '0', ''),
(53, 26577, 12523, '0', ''),
(54, 18147, 10606, '2.22', ''),
(55, 118458, 319191, '0', ''),
(56, 111289, 308094, '0', ''),
(57, 105498, 61011, '0', ''),
(58, 76416, 127131, '0', ''),
(59, 74537, 46628, '0', ''),
(60, 61714, 58135, '0', ''),
(61, 58243, 51349, '0', ''),
(62, 55688, 45796, '0', ''),
(63, 33528, 18406, '0', ''),
(64, 30193, 22193, '2.08', ''),
(65, 24616, 20041, '2.08', ''),
(66, 23242, 413099, '0', 'https://media.rawg.io/media/stories-640/88f/88fd124a2ab78d1c9e675860bf7ed755.mp4'),
(67, 23187, 10348, '0', ''),
(68, 21638, 19863, '0', ''),
(69, 20360, 17224, '0', ''),
(70, 19570, 9729, '0', ''),
(71, 124420, 385479, '0', ''),
(72, 123488, 372591, '0', ''),
(73, 113876, 276665, '0', ''),
(74, 105176, 62770, '0', ''),
(75, 52255, 44981, '0', ''),
(76, 31951, 10779, '0', ''),
(77, 30786, 14181, '0', ''),
(78, 30048, 13661, '0', ''),
(79, 29623, 9642, '0', ''),
(80, 28189, 22072, '0', ''),
(81, 28148, 10074, '0', ''),
(82, 27180, 15996, '0', ''),
(83, 27175, 44434, '0', ''),
(84, 26835, 9796, '0', ''),
(85, 25823, 12896, '0', ''),
(86, 24599, 8883, '0', ''),
(87, 23332, 12163, '0', ''),
(88, 22794, 12077, '0', ''),
(89, 20788, 18099, '0', ''),
(90, 18722, 17702, '0', ''),
(91, 17022, 20490, '2.38', ''),
(92, 123735, 379505, '0', ''),
(93, 116861, 302962, '0', ''),
(94, 113847, 278030, '0', ''),
(95, 113006, 270726, '0', ''),
(96, 109646, 238752, '0', ''),
(97, 89422, 62142, '0', ''),
(98, 35468, 13135, '0', ''),
(99, 7635, 19608, '4.04', ''),
(100, 16820, 14741, '3.29', ''),
(101, 9768, 7955, '2.78', ''),
(102, 8116, 17921, '3.05', ''),
(103, 7147, 152016, '0', ''),
(104, 7661, 10810, '3.21', ''),
(105, 18127, 14647, '3', ''),
(106, 17436, 20421, '3.76', ''),
(107, 45184, 41791, '0', ''),
(108, 26521, 16735, '2.71', ''),
(109, 14437, 19532, '3.1', ''),
(110, 21641, 20204, '0', ''),
(111, 19173, 20120, '3.03', ''),
(112, 18163, 90570, '0', ''),
(113, 17107, 20829, '2.62', ''),
(114, 11282, 19622, '3.15', ''),
(115, 10108, 10924, '3', ''),
(116, 9874, 20249, '2.06', ''),
(117, 17628, 21469, '0', ''),
(118, 17323, 19446, '0', ''),
(119, 16266, 18297, '0', ''),
(120, 26646, 20895, '1.47', ''),
(121, 16934, 16595, '0', ''),
(122, 15544, 14485, '2.67', ''),
(123, 12878, 17641, '0', ''),
(124, 12512, 16979, '0', ''),
(125, 11653, 15623, '0', ''),
(126, 11490, 17983, '0', ''),
(127, 10932, 20233, '1.88', ''),
(128, 10725, 20062, '0', ''),
(129, 9946, 12230, '0', ''),
(130, 9049, 19573, '0', ''),
(131, 50099, 13084, '0', ''),
(132, 34774, 11412, '0', ''),
(133, 33849, 13345, '1.77', ''),
(134, 26530, 21048, '0', ''),
(135, 26518, 21296, '1.67', ''),
(136, 26510, 15591, '1.33', ''),
(137, 25686, 15013, '0', ''),
(138, 20351, 13042, '0', ''),
(139, 17278, 20795, '0', ''),
(140, 17206, 20674, '0', ''),
(141, 16896, 20718, '2.5', ''),
(142, 15018, 11689, '4.12', ''),
(143, 14766, 21818, '0', ''),
(144, 10642, 14613, '2.5', ''),
(145, 10296, 20192, '2.92', ''),
(146, 10096, 19507, '0', ''),
(147, 10077, 9430, '1.87', ''),
(148, 9978, 20977, '3', ''),
(149, 36270, 21781, '0', ''),
(150, 36122, 16580, '0', ''),
(151, 35832, 17188, '2.09', ''),
(152, 35758, 20131, '0', ''),
(153, 35656, 19141, '3.17', ''),
(154, 35632, 20322, '0', ''),
(155, 35602, 20273, '0', ''),
(156, 35551, 14754, '0', ''),
(157, 35242, 13819, '0', ''),
(158, 34344, 1610, '0', ''),
(159, 34046, 12432, '0', ''),
(160, 27184, 59831, '0', ''),
(161, 25710, 10323, '0', ''),
(162, 17697, 18008, '0', ''),
(163, 17644, 13816, '0', ''),
(164, 17536, 18460, '0', ''),
(165, 17157, 20804, '2.21', ''),
(166, 16677, 13966, '0', ''),
(167, 16316, 21464, '0', ''),
(168, 15385, 16506, '0', ''),
(169, 9883, 18902, '0', ''),
(170, 9816, 21793, '1.69', ''),
(171, 9326, 16177, '0', ''),
(172, 9298, 18278, '0', ''),
(173, 7542, 18262, '2.88', ''),
(174, 129798, 411598, '3.17', 'https://media.rawg.io/media/stories-640/3d8/3d83c12d5cd73bb00b41ac8b8d84fda1.mp4'),
(175, 117743, 312668, '0', ''),
(176, 111693, 261278, '0', ''),
(177, 28533, 10617, '0', ''),
(178, 32640, 10126, '3.44', ''),
(179, 30647, 11381, '0', ''),
(180, 26705, 12183, '2.73', ''),
(181, 18010, 9971, '2.56', ''),
(182, 116002, 308067, '0', ''),
(183, 93851, 61023, '0', ''),
(184, 61638, 46454, '0', ''),
(185, 55408, 323190, '0', ''),
(186, 30812, 13615, '0', ''),
(187, 27089, 11308, '0', ''),
(188, 18977, 13845, '3.25', ''),
(189, 120404, 349764, '0', ''),
(190, 111533, 257279, '0', ''),
(191, 110185, 241129, '0', ''),
(192, 108376, 62063, '0', ''),
(193, 102273, 61460, '0', ''),
(194, 100354, 61303, '0', ''),
(195, 76406, 50290, '0', ''),
(196, 74144, 47285, '0', ''),
(197, 72340, 47108, '0', ''),
(198, 40521, 28091, '0', ''),
(199, 35054, 16857, '0', ''),
(200, 33897, 9572, '2.17', ''),
(201, 33186, 14513, '0', ''),
(202, 32443, 13366, '0', ''),
(203, 31479, 15248, '0', ''),
(204, 28157, 10265, '0', ''),
(205, 27470, 11876, '1.29', ''),
(206, 22749, 18561, '0', ''),
(207, 9634, 41457, '3.84', ''),
(208, 2072, 19237, '2.67', ''),
(209, 8738, 21126, '3.35', ''),
(210, 12637, 17230, '3.04', 'https://media.rawg.io/media/stories-640/134/134ba3a69eea52829c9ca1e634963274.mp4'),
(211, 19433, 13271, '2.66', ''),
(212, 17609, 2954, '3.69', ''),
(213, 16246, 15315, '1.4', ''),
(214, 16124, 21326, '2.29', ''),
(215, 9026, 17548, '2', 'https://media.rawg.io/media/stories-640/f01/f011ee7a7fae9e1f160d6a72e7935c7a.mp4'),
(216, 7421, 22971, '0', ''),
(217, 17041, 856, '0', ''),
(218, 16513, 13817, '0', ''),
(219, 16396, 20759, '3.17', ''),
(220, 15028, 21102, '0', ''),
(221, 15019, 19578, '3.22', ''),
(222, 10891, 17750, '1.89', ''),
(223, 10522, 21613, '0', ''),
(224, 10435, 18286, '2.62', ''),
(225, 10389, 41066, '0', ''),
(226, 9801, 8813, '1.74', ''),
(227, 36225, 22428, '0', ''),
(228, 35788, 19256, '0', ''),
(229, 35781, 19342, '0', ''),
(230, 35660, 9433, '0', ''),
(231, 35534, 20479, '0', ''),
(232, 34840, 10714, '0', ''),
(233, 34835, 2208, '0', ''),
(234, 34273, 20717, '1.82', ''),
(235, 17724, 18878, '2', ''),
(236, 16846, 21491, '0', ''),
(237, 14745, 20707, '0', ''),
(238, 13193, 16593, '0', ''),
(239, 10837, 20114, '1.75', ''),
(240, 10357, 19357, '0', ''),
(241, 9955, 21484, '3.25', ''),
(242, 126459, 415171, '3.37', 'https://media.rawg.io/media/stories-640/76f/76f208f6ec6aef143f3c980d47d048e3.mp4'),
(243, 24653, 136552, '0', ''),
(244, 134543, 471186, '0', ''),
(245, 19530, 43877, '3.27', ''),
(246, 1902, 9979, '2.79', ''),
(247, 20918, 9765, '4', ''),
(248, 105482, 60841, '2.88', 'https://media.rawg.io/media/stories-640/e7b/e7bfb59be57ddedd130574a824757fc3.mp4'),
(249, 86395, 248535, '4', ''),
(250, 64204, 46621, '0', ''),
(251, 29261, 23283, '4.2', ''),
(252, 24516, 12592, '3.57', 'https://media.rawg.io/media/stories-640/4bd/4bd71eb91ee36ec25fe53e4d059d98aa.mp4'),
(253, 17875, 10851, '2.94', ''),
(254, 24917, 280620, '4.45', ''),
(255, 33119, 9650, '0', ''),
(256, 25908, 43694, '0', ''),
(257, 17454, 17461, '0', ''),
(258, 9075, 11826, '3.55', ''),
(259, 44163, 44372, '0', ''),
(260, 25534, 49646, '0', ''),
(261, 20365, 9607, '2.35', 'https://media.rawg.io/media/stories-640/b21/b21ac7a7dc05a67bd611d0aadc04687f.mp4'),
(262, 16127, 19275, '1.7', ''),
(263, 113154, 2084, '2.92', ''),
(264, 111441, 258352, '0', ''),
(265, 74813, 62887, '0', ''),
(266, 68810, 46754, '0', ''),
(267, 68365, 46857, '0', ''),
(268, 55115, 45942, '2.9', ''),
(269, 54826, 45299, '0', ''),
(270, 51853, 44838, '0', ''),
(271, 51548, 58772, '2.86', ''),
(272, 34131, 11956, '0', ''),
(273, 33621, 20039, '0', ''),
(274, 33067, 17687, '0', ''),
(275, 32329, 18812, '0', ''),
(276, 31441, 11927, '0', ''),
(277, 31206, 18006, '0', ''),
(278, 30131, 10203, '0', ''),
(279, 30119, 14306, '0', ''),
(280, 29456, 11606, '0', ''),
(281, 27205, 13349, '0', ''),
(282, 26549, 11277, '0', ''),
(283, 24764, 12511, '2.62', ''),
(284, 21629, 12543, '0', ''),
(285, 20469, 14774, '0', ''),
(286, 7598, 19429, '3.31', 'https://media.rawg.io/media/stories-640/c1b/c1b75d46503a815cc5ff4266cf37ee50.mp4'),
(287, 532, 41012, '3.18', ''),
(288, 6578, 17473, '3.68', ''),
(289, 2381, 17121, '2.82', ''),
(290, 8678, 40689, '2.06', ''),
(291, 9464, 19629, '3.2', ''),
(292, 9018, 3476, '0', ''),
(293, 20191, 18308, '0', ''),
(294, 17146, 16930, '2.5', ''),
(295, 16330, 19448, '0', ''),
(296, 15311, 9977, '2.36', ''),
(297, 24594, 11283, '0', ''),
(298, 17238, 21384, '0', ''),
(299, 16809, 19438, '0', ''),
(300, 16253, 37739, '0', ''),
(301, 15309, 16239, '2.92', ''),
(302, 9367, 22437, '2.33', ''),
(303, 35175, 18977, '2.62', ''),
(304, 22678, 41831, '0', ''),
(305, 20198, 18682, '1.33', ''),
(306, 18569, 16983, '0', ''),
(307, 14677, 10350, '0', ''),
(308, 10460, 17871, '0', ''),
(309, 9970, 20278, '0', ''),
(310, 8915, 16527, '1.8', ''),
(311, 36058, 19829, '2.08', ''),
(312, 35880, 20239, '1.36', ''),
(313, 35528, 16238, '0', ''),
(314, 20750, 43663, '0', ''),
(315, 17307, 21402, '0', ''),
(316, 16884, 21136, '0', ''),
(317, 15418, 19696, '0', ''),
(318, 10707, 17914, '0', ''),
(319, 10604, 21586, '1.5', ''),
(320, 3776, 20200, '0', ''),
(321, 138927, 492308, '0', ''),
(322, 138918, 473536, '0', ''),
(323, 136566, 473544, '0', ''),
(324, 135606, 432533, '0', ''),
(325, 118576, 63551, '0', ''),
(326, 107722, 60739, '0', ''),
(327, 107165, 69013, '0', ''),
(328, 99463, 58181, '2.39', ''),
(329, 104447, 62986, '0', ''),
(330, 125017, 386554, '0', ''),
(331, 120178, 336823, '0', ''),
(332, 117777, 316996, '0', ''),
(333, 113440, 292979, '0', ''),
(334, 110582, 248541, '0', ''),
(335, 109436, 276027, '0', ''),
(336, 101181, 58376, '0', ''),
(337, 28079, 382773, '0', ''),
(338, 82375, 398, '0', ''),
(339, 117537, 307572, '0', ''),
(340, 82542, 1250, '0', ''),
(341, 82411, 1027, '0', ''),
(342, 58634, 520, '3.28', ''),
(343, 51614, 1718, '0', ''),
(344, 6803, 8444, '3.74', 'https://media.rawg.io/media/stories-640/232/2320e9bb4bace10330f42631df79dd83.mp4'),
(345, 19901, 7189, '3.37', ''),
(346, 20947, 7349, '0', ''),
(347, 11651, 1737, '0', ''),
(348, 9495, 9894, '3.92', 'https://media.rawg.io/media/stories-640/de4/de4374a7c97e26b13266a4542b56d218.mp4'),
(349, 133330, 438599, '3.58', 'https://media.rawg.io/media/stories-640/1e7/1e7e72bbb2bc548a779db045ed70e9e3.mp4'),
(350, 30408, 9437, '3.81', 'https://media.rawg.io/media/stories-640/030/0309816d0ed5ba31971734b1fb65851e.mp4'),
(351, 133149, 479671, '3.73', ''),
(352, 128799, 412474, '0', ''),
(353, 127441, 392237, '0', ''),
(354, 126993, 392359, '0', ''),
(355, 126551, 383567, '0', ''),
(356, 118671, 319154, '0', ''),
(357, 115014, 290094, '0', ''),
(358, 113826, 277953, '0', ''),
(359, 110164, 243206, '0', ''),
(360, 105029, 275703, '0', ''),
(361, 104683, 62826, '0', ''),
(362, 27716, 316956, '0', ''),
(363, 129933, 428036, '0', ''),
(364, 129755, 427539, '0', ''),
(365, 129754, 427722, '0', ''),
(366, 129677, 411651, '0', ''),
(367, 129366, 428113, '0', ''),
(368, 129272, 415253, '0', ''),
(369, 129252, 427595, '0', ''),
(370, 128474, 427598, '0', ''),
(371, 128276, 428027, '0', ''),
(372, 128202, 430495, '0', ''),
(373, 127723, 428077, '0', ''),
(374, 127097, 428256, '0', ''),
(375, 126735, 389016, '0', ''),
(376, 126553, 387321, '0', ''),
(377, 126179, 428303, '0', ''),
(378, 125207, 388340, '0', ''),
(379, 124168, 376928, '0', ''),
(380, 123238, 427643, '0', ''),
(381, 122826, 379599, '0', ''),
(382, 120784, 349430, '0', ''),
(383, 119616, 323114, '0', ''),
(384, 109666, 236716, '0', ''),
(385, 107247, 263536, '0', ''),
(386, 105112, 61581, '0', ''),
(387, 95835, 227846, '0', ''),
(388, 34300, 9754, '3.18', ''),
(389, 25260, 16999, '4.36', 'https://media.rawg.io/media/stories-640/df8/df82dd4b0d17083be0fcc3691ebfc808.mp4'),
(390, 18387, 10373, '3.84', ''),
(391, 18081, 17590, '3.9', 'https://media.rawg.io/media/stories-640/af9/af9a4f5d037b4ec53e692e0d15066b7d.mp4'),
(392, 68271, 264758, '4.04', ''),
(393, 7435, 10428, '2.84', ''),
(394, 32902, 19739, '0', ''),
(395, 33720, 10826, '2.97', ''),
(396, 7631, 50741, '2.39', 'https://media.rawg.io/media/stories-640/b2c/b2c794ec24205f02f67e2f00be30770d.mp4'),
(397, 88116, 62897, '3.74', ''),
(398, 70385, 50678, '3.17', ''),
(399, 27217, 10745, '3.16', 'https://media.rawg.io/media/stories-640/ce2/ce20d206a1d53214fa58305d9d0d7d37.mp4'),
(400, 9525, 14731, '3.05', ''),
(401, 21970, 14285, '1.72', ''),
(402, 9815, 10355, '2.56', ''),
(403, 113895, 281873, '0', ''),
(404, 111130, 254652, '3.3', ''),
(405, 18312, 9884, '2.75', ''),
(406, 105322, 61415, '4.02', 'https://media.rawg.io/media/stories-640/a26/a263a2513060481401601d54c734991f.mp4'),
(407, 32964, 14892, '2.56', 'https://media.rawg.io/media/stories-640/cc5/cc5d6f5bb4c6d6214e5f7f8e12ce5cf3.mp4'),
(408, 29578, 10102, '0', ''),
(409, 28751, 23302, '2.62', ''),
(410, 27523, 9697, '3.47', ''),
(411, 114684, 59085, '2.87', ''),
(412, 106277, 60247, '1.38', 'https://media.rawg.io/media/stories-640/d3a/d3ac4ee8bc88a399d6709cbcdad05df5.mp4'),
(413, 57217, 316821, '3.67', ''),
(414, 56873, 46222, '0', ''),
(415, 30548, 10204, '4.16', ''),
(416, 25640, 50571, '0', ''),
(417, 18948, 16357, '0', ''),
(418, 103222, 58651, '2.7', 'https://media.rawg.io/media/stories-640/3d0/3d061abf4194e94e02ef859fdee48af4.mp4'),
(419, 27728, 22034, '0', ''),
(420, 26527, 15602, '0', ''),
(421, 26127, 95006, '0', ''),
(422, 23914, 11073, '0', ''),
(423, 19543, 11330, '3.8', ''),
(424, 13619, 13844, '3.48', ''),
(425, 12206, 9531, '2.25', ''),
(426, 106435, 43603, '2.5', 'https://media.rawg.io/media/stories-640/fc5/fc5c249cdf06d952ac9ea9caca1d94ff.mp4'),
(427, 86514, 371844, '3.83', ''),
(428, 34669, 23355, '0', ''),
(429, 29725, 11345, '3.9', ''),
(430, 25742, 1310, '0', ''),
(431, 22443, 12788, '0', ''),
(432, 22149, 15924, '2.56', ''),
(433, 20180, 63497, '0', ''),
(434, 19332, 14006, '0', ''),
(435, 18685, 9359, '0', ''),
(436, 14396, 17790, '2.33', ''),
(437, 124683, 383496, '2.48', ''),
(438, 119315, 326988, '3.54', 'https://media.rawg.io/media/stories-640/a65/a653a27ba683c6a14bd6fc401879ed21.mp4'),
(439, 119134, 349413, '0', ''),
(440, 115560, 295048, '4.12', ''),
(441, 110700, 248425, '0', ''),
(442, 104815, 61257, '0', ''),
(443, 102868, 59347, '3.08', ''),
(444, 99007, 61163, '0', ''),
(445, 89147, 51441, '1', ''),
(446, 88007, 62494, '0', ''),
(447, 86468, 61232, '4.17', 'https://media.rawg.io/media/stories-640/ba1/ba1b568d1bf286306865b1e687063011.mp4'),
(448, 76424, 50406, '3', ''),
(449, 76360, 50291, '0', ''),
(450, 75496, 49604, '2.78', ''),
(451, 65786, 46585, '0', ''),
(452, 55710, 45830, '0', ''),
(453, 54799, 45623, '0', ''),
(454, 54660, 10227, '2.09', ''),
(455, 50891, 44511, '0', ''),
(456, 50227, 963, '3.3', ''),
(457, 36978, 23628, '0', ''),
(458, 36646, 50775, '3.22', ''),
(459, 33731, 11215, '0', ''),
(460, 33709, 20542, '3.17', ''),
(461, 33661, 9472, '2.44', ''),
(462, 32845, 10663, '0', ''),
(463, 32612, 9923, '0', ''),
(464, 32472, 19268, '1.25', ''),
(465, 31632, 13266, '0', ''),
(466, 31547, 13790, '3.56', ''),
(467, 29642, 12282, '0', ''),
(468, 28889, 21976, '0', ''),
(469, 27096, 10647, '0', ''),
(470, 25341, 12629, '2.74', ''),
(471, 20404, 10882, '2.5', ''),
(472, 19819, 334520, '0', ''),
(473, 18903, 12273, '0', ''),
(474, 122001, 328679, '0', ''),
(475, 121036, 349349, '0', ''),
(476, 118115, 313843, '2.53', ''),
(477, 117815, 311780, '0', ''),
(478, 117217, 2228, '0', ''),
(479, 115667, 297228, '0', ''),
(480, 115508, 296129, '0', ''),
(481, 114006, 292891, '0', ''),
(482, 113049, 270758, '0', ''),
(483, 111033, 251525, '3.6', 'https://media.rawg.io/media/stories-640/51e/51ec52917c67a9fb820e9d4dd29504eb.mp4'),
(484, 109826, 236804, '2.67', ''),
(485, 109611, 236714, '3.83', ''),
(486, 109378, 216342, '0', ''),
(487, 104945, 61931, '0', ''),
(488, 104436, 62393, '0', ''),
(489, 103327, 60864, '2.19', ''),
(490, 102938, 60406, '0', ''),
(491, 102917, 63739, '2.57', ''),
(492, 102877, 60601, '0', ''),
(493, 97269, 60015, '0', ''),
(494, 95993, 61225, '0', ''),
(495, 95026, 61961, '2.12', ''),
(496, 81230, 50997, '0', ''),
(497, 76933, 50683, '0', ''),
(498, 76331, 50115, '0', ''),
(499, 76290, 50157, '0', ''),
(500, 75762, 49796, '0', ''),
(501, 75339, 49485, '0', ''),
(502, 75182, 49386, '0', ''),
(503, 68272, 254767, '0', ''),
(504, 55729, 45940, '0', ''),
(505, 55288, 45396, '0', ''),
(506, 55231, 46014, '0', ''),
(507, 54697, 44828, '0', ''),
(508, 44289, 43847, '0', ''),
(509, 44222, 44247, '0', ''),
(510, 43508, 29247, '0', ''),
(511, 43177, 23687, '0', ''),
(512, 41952, 43844, '0', ''),
(513, 41933, 43896, '0', ''),
(514, 41899, 43937, '0', ''),
(515, 40708, 43881, '0', ''),
(516, 38978, 23713, '0', ''),
(517, 38814, 23577, '0', ''),
(518, 36818, 23481, '0', ''),
(519, 36717, 23497, '3', ''),
(520, 36629, 23424, '0', ''),
(521, 36171, 9623, '2.14', ''),
(522, 35606, 12368, '2.83', ''),
(523, 35153, 15614, '2.29', ''),
(524, 34767, 5140, '0', ''),
(525, 34735, 12410, '2', ''),
(526, 34328, 16213, '0', ''),
(527, 34071, 10495, '0', ''),
(528, 33928, 20076, '0', ''),
(529, 33830, 1502, '0', ''),
(530, 33787, 20583, '2.33', ''),
(531, 33659, 12787, '0', ''),
(532, 33462, 16354, '0', ''),
(533, 33451, 16582, '2.86', ''),
(534, 33381, 15393, '1.88', ''),
(535, 33317, 18758, '2.35', ''),
(536, 33182, 12925, '0', ''),
(537, 33115, 12065, '1.67', ''),
(538, 33090, 9553, '0', ''),
(539, 33082, 19978, '0', ''),
(540, 32959, 19327, '0', ''),
(541, 32802, 15171, '0', ''),
(542, 32569, 17304, '0', ''),
(543, 3084, 20992, '3.58', ''),
(544, 8584, 10346, '3.22', 'https://media.rawg.io/media/stories-640/d21/d21603bc335dbef5e5fbcd5c9faa6792.mp4'),
(545, 1385, 41083, '2.89', 'https://media.rawg.io/media/stories-640/7d5/7d561d6cf75e5ec38a4df97ddd357061.mp4'),
(546, 7711, 17794, '3.4', ''),
(547, 11291, 10166, '3.4', ''),
(548, 7637, 16453, '3.41', ''),
(549, 6404, 17337, '2.94', ''),
(550, 20757, 16355, '2.52', ''),
(551, 8437, 16029, '2.31', ''),
(552, 35577, 16733, '3.24', ''),
(553, 10082, 20305, '2.54', ''),
(554, 9438, 14936, '3.79', ''),
(555, 16464, 12906, '3.42', ''),
(556, 15890, 18418, '3.22', ''),
(557, 11062, 17522, '2.89', ''),
(558, 10877, 16454, '3.22', ''),
(559, 8949, 4036, '3', ''),
(560, 7433, 313730, '0', ''),
(561, 1883, 40922, '4.12', ''),
(562, 3778, 21229, '2.2', ''),
(563, 2625, 17040, '2.33', ''),
(564, 28088, 12879, '2.54', ''),
(565, 20090, 3009, '3.86', ''),
(566, 19019, 11520, '0', ''),
(567, 17321, 16293, '3.48', ''),
(568, 16457, 15422, '3.48', ''),
(569, 16146, 17810, '2.75', ''),
(570, 14465, 17909, '3.57', 'https://media.rawg.io/media/stories-640/9dd/9dd00eeeb5b34212a60c54673543426c.mp4'),
(571, 9399, 15042, '1.97', ''),
(572, 3110, 13195, '2.06', ''),
(573, 20920, 14219, '1.82', ''),
(574, 20025, 15494, '3.89', ''),
(575, 17174, 42263, '0', ''),
(576, 17033, 16182, '1.9', ''),
(577, 16558, 20995, '2.94', ''),
(578, 13547, 13796, '3.56', ''),
(579, 11691, 15344, '3.67', ''),
(580, 9698, 20875, '3.17', ''),
(581, 8115, 19660, '0', ''),
(582, 5678, 42258, '3.43', 'https://media.rawg.io/media/stories-640/6ac/6ac1238aa23ef5e1be15e1ae7c7a5ac8.mp4'),
(583, 18111, 19388, '3.17', ''),
(584, 17537, 22394, '1.62', ''),
(585, 17438, 12678, '2.24', ''),
(586, 17295, 19368, '2', ''),
(587, 10995, 17981, '3.09', ''),
(588, 10812, 20565, '2.44', ''),
(589, 10518, 18064, '2.64', ''),
(590, 9844, 20467, '2.86', ''),
(591, 9388, 18263, '1.78', ''),
(592, 5566, 13688, '2.31', ''),
(593, 35589, 14559, '1.94', ''),
(594, 27738, 12293, '3.12', ''),
(595, 24032, 21127, '0', ''),
(596, 24021, 62, '0', ''),
(597, 23274, 18294, '1.93', ''),
(598, 20714, 40008, '0', ''),
(599, 19968, 11231, '0', ''),
(600, 19326, 14885, '1.94', ''),
(601, 17430, 10016, '2.49', 'https://media.rawg.io/media/stories-640/539/53955134ef75f6925438044f7bb37572.mp4'),
(602, 17386, 19378, '3.86', ''),
(603, 16403, 41634, '0', ''),
(604, 9605, 13036, '3.2', ''),
(605, 9246, 21047, '2.64', ''),
(606, 9029, 16849, '2.58', ''),
(607, 9022, 2427, '1.88', ''),
(608, 9011, 20245, '1.57', ''),
(609, 7669, 21278, '0', ''),
(610, 5837, 18230, '2.23', ''),
(611, 3066, 15164, '3.04', ''),
(612, 36341, 17613, '0', ''),
(613, 36134, 18005, '0', ''),
(614, 36118, 21747, '0', ''),
(615, 36042, 19139, '0', ''),
(616, 35515, 20136, '0', ''),
(617, 35346, 20943, '1.62', ''),
(618, 35024, 12503, '0', ''),
(619, 34645, 10636, '1.9', ''),
(620, 34400, 21716, '1.6', ''),
(621, 34375, 21006, '0', ''),
(622, 33851, 12620, '0', ''),
(623, 30241, 20754, '0', ''),
(624, 28577, 16998, '1.67', ''),
(625, 26533, 16876, '2.22', ''),
(626, 26531, 18499, '0', ''),
(627, 26519, 12675, '0', ''),
(628, 24559, 17014, '0', ''),
(629, 19015, 12455, '0', ''),
(630, 18213, 17553, '0', ''),
(631, 17896, 20241, '1.33', ''),
(632, 17826, 22476, '0', ''),
(633, 17727, 13276, '2.25', ''),
(634, 17617, 21314, '1.56', ''),
(635, 17415, 21660, '2.45', ''),
(636, 17391, 19808, '0', ''),
(637, 16833, 21329, '0', ''),
(638, 16827, 11529, '0', ''),
(639, 16576, 17780, '2.11', ''),
(640, 16492, 20739, '2.83', ''),
(641, 16399, 608, '0', ''),
(642, 16247, 17653, '0', ''),
(643, 13141, 15886, '0', ''),
(644, 11569, 16981, '0', ''),
(645, 10928, 37211, '0', ''),
(646, 10892, 20112, '2.86', ''),
(647, 10443, 18135, '1.64', ''),
(648, 10423, 20964, '1.77', ''),
(649, 10408, 22475, '1.59', ''),
(650, 10382, 17592, '1.29', ''),
(651, 10365, 19471, '2.56', ''),
(652, 10186, 14349, '0', ''),
(653, 10136, 20356, '2.06', ''),
(654, 9796, 21626, '0', ''),
(655, 9569, 16560, '0', ''),
(656, 9443, 14560, '2.2', ''),
(657, 9329, 19618, '2.79', 'https://media.rawg.io/media/stories-640/e2e/e2edb1b63e14a5a615316982ce0c3e0c.mp4'),
(658, 9027, 19391, '2.07', ''),
(659, 8868, 21105, '2.38', ''),
(660, 7716, 17267, '1.29', ''),
(661, 6613, 41747, '0', ''),
(662, 5596, 20296, '3.15', ''),
(663, 77005, 21010, '0', ''),
(664, 53482, 19745, '0', ''),
(665, 36492, 21360, '0', ''),
(666, 36491, 13397, '0', ''),
(667, 36405, 18007, '0', ''),
(668, 36323, 14545, '0', ''),
(669, 36313, 17077, '3.33', ''),
(670, 36288, 21208, '2', ''),
(671, 36190, 18510, '0', ''),
(672, 100524, 430398, '0', ''),
(673, 128099, 428949, '0', ''),
(674, 127842, 412477, '2.83', ''),
(675, 89354, 61741, '4.02', 'https://media.rawg.io/media/stories-640/7c9/7c96e7a36a6cdb88ba160ae5f28ca9dd.mp4'),
(676, 34656, 15150, '3.17', ''),
(677, 34325, 13009, '0', ''),
(678, 18752, 15647, '0', 'https://media.rawg.io/media/stories-640/d13/d13e38a5767da7d8c62024239eb20016.mp4'),
(679, 97902, 59990, '0', ''),
(680, 44177, 44324, '0', ''),
(681, 36775, 46979, '4.18', ''),
(682, 33408, 13367, '2.31', ''),
(683, 29424, 11531, '0', ''),
(684, 28134, 22315, '0', ''),
(685, 110553, 244750, '4.57', ''),
(686, 94044, 59652, '0', ''),
(687, 67203, 61609, '0', ''),
(688, 37423, 29304, '0', ''),
(689, 35970, 10832, '0', ''),
(690, 33471, 17485, '0', ''),
(691, 33380, 15746, '2.71', ''),
(692, 5778, 17013, '2.98', ''),
(693, 9906, 19379, '3.67', ''),
(694, 9560, 2614, '3.08', ''),
(695, 8715, 3372, '2.92', ''),
(696, 16733, 11819, '3.58', ''),
(697, 20086, 20828, '2.8', ''),
(698, 9848, 19376, '2.76', ''),
(699, 17926, 18801, '0', ''),
(700, 20176, 17873, '3.75', ''),
(701, 17326, 19610, '2.14', ''),
(702, 16862, 11849, '2.55', ''),
(703, 10359, 8332, '0', ''),
(704, 8950, 18023, '2.5', 'https://media.rawg.io/media/stories-640/07e/07e153931e1b733dcc61bbf1e341fdec.mp4'),
(705, 24034, 17923, '0', ''),
(706, 16548, 19283, '0', ''),
(707, 11526, 1315, '0', ''),
(708, 10933, 17072, '0', ''),
(709, 9696, 16985, '2.64', ''),
(710, 9171, 10974, '3.33', ''),
(711, 7865, 19577, '0', ''),
(712, 36418, 1422, '0', ''),
(713, 22036, 18369, '2.27', ''),
(714, 22005, 13894, '0', ''),
(715, 20107, 282903, '0', ''),
(716, 16491, 16396, '2.57', ''),
(717, 15398, 19679, '0', ''),
(718, 10974, 20310, '0', ''),
(719, 7875, 20218, '1.83', '');

-- --------------------------------------------------------

--
-- Table structure for table `ponderation_genres`
--

CREATE TABLE `ponderation_genres` (
  `id` tinyint(4) NOT NULL,
  `name_genre` varchar(255) NOT NULL,
  `id_igdb` tinyint(4) NOT NULL,
  `nouveaute` tinyint(4) NOT NULL,
  `challenge` tinyint(4) NOT NULL,
  `stimulation` tinyint(4) NOT NULL,
  `harmonie` tinyint(4) NOT NULL,
  `id_rawg` int(255) NOT NULL
) ENGINE=InnoDB DEFAULT CHARSET=utf8;

--
-- Dumping data for table `ponderation_genres`
--

INSERT INTO `ponderation_genres` (`id`, `name_genre`, `id_igdb`, `nouveaute`, `challenge`, `stimulation`, `harmonie`, `id_rawg`) VALUES
(1, 'Fighting', 4, 0, 4, 1, 0, 6),
(2, 'Shooter', 5, 1, 4, 3, 2, 2),
(3, 'Racing', 10, 1, 3, 1, 0, 1),
(4, 'Arcade', 33, 1, 3, 1, 0, 11),
(5, 'Tactical', 24, 2, 3, 2, 1, 0),
(6, 'Real Time strategy', 11, 3, 4, 1, 3, 0),
(7, 'Strategy', 15, 2, 4, 1, 1, 10),
(8, 'MOBA', 33, 2, 3, 3, 4, 0),
(9, 'Hack & Slash', 25, 3, 2, 4, 1, 0),
(10, 'RPG', 12, 4, 1, 1, 3, 5),
(11, 'Adventure', 31, 4, 2, 2, 2, 3),
(12, 'PLatform', 8, 3, 3, 0, 0, 83),
(13, 'Simulator', 13, 0, 1, 0, 1, 14),
(14, 'Quiz/triva', 26, 1, 2, 4, 0, 0),
(15, 'Puzzle ', 9, 3, 2, 1, 0, 7),
(16, 'Point n click', 2, 4, 1, 1, 0, 0),
(17, 'family', 0, 0, 0, 3, 2, 19),
(18, 'Massively Multiplayer', 0, 1, 2, 3, 3, 59),
(19, 'Sports', 0, 0, 3, 2, 1, 15),
(20, 'Casual', 0, 1, 2, 2, 1, 40),
(21, 'Indie', 0, 2, 2, 2, 2, 51);

-- --------------------------------------------------------

--
-- Table structure for table `sauvegarde_resultats`
--

CREATE TABLE `sauvegarde_resultats` (
  `id` int(255) NOT NULL,
  `jeu1` varchar(255) NOT NULL,
  `jeu2` varchar(255) NOT NULL,
  `jeu3` varchar(255) NOT NULL,
  `jeu4` varchar(255) NOT NULL,
  `jeu5` varchar(255) NOT NULL,
  `jeu6` varchar(255) NOT NULL
) ENGINE=InnoDB DEFAULT CHARSET=utf8;

--
-- Dumping data for table `sauvegarde_resultats`
--

INSERT INTO `sauvegarde_resultats` (`id`, `jeu1`, `jeu2`, `jeu3`, `jeu4`, `jeu5`, `jeu6`) VALUES
(3, 'Hot Dogs, Horseshoes & Hand Grenades', 'Disgaea PC', 'The Talos Principle VR', 'Scrap Mechanic', 'Kenshi', 'The Exorcist: Legion VR'),
(4, 'Total War: Warhammer II - Serpent God Edition', 'Disgaea PC', 'The Vagrant', 'Noita', 'AM2R - Return of Samus', 'Scrap Mechanic'),
(5, 'Superfighters Deluxe', 'The Cycle', 'Hot Dogs, Horseshoes & Hand Grenades', 'Pavlov VR', 'Disgaea PC', 'GentleMoon 2'),
(6, 'Noita', 'Postal 4: No Regerts', 'Battle Brothers', 'Final Fantasy XV: Windows Edition', 'Craftopia', 'Empyrion - Galactic Survival'),
(7, 'Noita', 'Serious Sam VR: The Last Hope', 'Postal 4: No Regerts', 'GTFO', 'Devil Daggers', 'Battle Brothers'),
(8, 'Hot Dogs, Horseshoes & Hand Grenades', 'Disgaea PC', 'MORDHAU', 'Serious Sam VR: The Last Hope', 'Postal 4: No Regerts', 'Devolver Bootleg'),
(9, 'Disgaea PC', 'MORDHAU', 'Catherine Classic', 'Battle Brothers', 'Expeditions: Viking', 'Assault Spy'),
(10, 'Disgaea PC', 'The Frostrune', 'Haydee', 'No one lives under the lighthouse', 'Shardlight', 'VALORANT'),
(11, '', '', '', '', '', ''),
(12, '', '', '', '', '', ''),
(13, '', '', '', '', '', ''),
(14, '', '', '', '', '', ''),
(15, 'Disgaea PC', 'The Frostrune', 'Haydee', 'No one lives under the lighthouse', 'VALORANT', 'House of the Dying Sun'),
(16, 'Disgaea PC', 'The Frostrune', 'Haydee', 'No one lives under the lighthouse', 'VALORANT', 'House of the Dying Sun'),
(17, 'My Grandfather s Farm', 'Noita', 'Scrap Mechanic', 'Supraland', 'Kingsway', 'Suits: A Business RPG'),
(18, 'Total War: Warhammer II - Serpent God Edition', 'Disgaea PC', 'The Vagrant', 'Noita', 'AM2R - Return of Samus', 'Scrap Mechanic'),
(19, 'Total War: Warhammer II - Serpent God Edition', 'Disgaea PC', 'The Vagrant', 'Noita', 'AM2R - Return of Samus', 'Scrap Mechanic'),
(20, 'Total War: Warhammer II - Serpent God Edition', 'Disgaea PC', 'The Vagrant', 'Noita', 'AM2R - Return of Samus', 'Scrap Mechanic'),
(21, 'Stack', 'Total War: Warhammer II - Serpent God Edition', 'Disgaea PC', 'Squad', 'The Vagrant', 'Noita'),
(22, 'Total War: Warhammer II - Serpent God Edition', 'Disgaea PC', 'AM2R - Return of Samus', 'Scrap Mechanic', 'Pokémon Uranium', 'The Frostrune'),
(23, 'Total War: Warhammer II - Serpent God Edition', 'Disgaea PC', 'AM2R - Return of Samus', 'Scrap Mechanic', 'MORDHAU', 'Supraland'),
(24, 'Downfall', 'Scrap Mechanic', 'Supraland', 'When the Darkness comes', 'Catherine Classic', 'Heat Signature'),
(25, 'Downfall', 'Scrap Mechanic', 'Supraland', 'When the Darkness comes', 'Catherine Classic', 'Heat Signature'),
(26, 'Downfall', 'Scrap Mechanic', 'Supraland', 'When the Darkness comes', 'Catherine Classic', 'Heat Signature'),
(27, 'Downfall', 'Scrap Mechanic', 'Supraland', 'When the Darkness comes', 'Heat Signature', 'Devotion'),
(28, 'Downfall', 'Scrap Mechanic', 'Supraland', 'When the Darkness comes', 'Heat Signature', 'Devotion'),
(29, 'My Grandfather s Farm', 'Scrap Mechanic', 'Supraland', 'Battle Brothers', 'Final Fantasy XV: Windows Edition', 'Empyrion - Galactic Survival'),
(30, 'My Grandfather s Farm', 'Scrap Mechanic', 'Supraland', 'Battle Brothers', 'Final Fantasy XV: Windows Edition', 'Empyrion - Galactic Survival'),
(31, 'Total War: Warhammer II - Serpent God Edition', 'AM2R - Return of Samus', 'Scrap Mechanic', 'Supraland', 'When the Darkness comes', 'Dude Simulator'),
(32, 'Total War: Warhammer II - Serpent God Edition', 'AM2R - Return of Samus', 'Scrap Mechanic', 'Supraland', 'When the Darkness comes', 'Dude Simulator'),
(33, 'Total War: Warhammer II - Serpent God Edition', 'The Vagrant', 'The Talos Principle VR', 'AM2R - Return of Samus', 'Scrap Mechanic', 'The Exorcist: Legion VR'),
(34, 'Total War: Warhammer II - Serpent God Edition', 'The Vagrant', 'AM2R - Return of Samus', 'Scrap Mechanic', 'Supraland', 'When the Darkness comes'),
(35, 'Grim Dawn', 'World of Warcraft Classic', 'Dude Simulator', 'Age of Empires: Definitive Edition', 'Mount & Blade II: Bannerlord', 'DARQ'),
(36, 'Planet Coaster', 'Battle Brothers', 'Planet Zoo', 'ISLANDERS', 'Kenshi', 'Domina'),
(37, 'Planet Coaster', 'Battle Brothers', 'Planet Zoo', 'ISLANDERS', 'Kenshi', 'Superflight'),
(38, 'Age of Empires II: Definitive Edition', 'Anno 1800', 'Age of Empires: Definitive Edition', 'Battle Brothers', 'Total War: Three Kingdoms', 'Heroes & Generals'),
(39, 'Age of Empires II: Definitive Edition', 'Anno 1800', 'Age of Empires: Definitive Edition', 'Battle Brothers', 'Total War: Three Kingdoms', 'Heroes & Generals'),
(40, 'Age of Empires II: Definitive Edition', 'Anno 1800', 'Age of Empires: Definitive Edition', 'Battle Brothers', 'Total War: Three Kingdoms', 'Heroes & Generals'),
(41, 'Planet Coaster', 'Battle Brothers', 'Planet Zoo', 'Escape From Tarkov', 'ISLANDERS', 'Kenshi'),
(42, 'Battle Brothers', 'Shardlight', 'Devotion', 'Downfall', 'Escape From Tarkov', 'Supraland'),
(43, 'Battle Brothers', 'Heroes & Generals', 'Stream Racer', 'Disgaea PC', 'Expeditions: Viking', 'Dungeon Rats'),
(44, 'Battle Brothers', 'Heroes & Generals', 'Disgaea PC', 'Expeditions: Viking', 'Gray Dawn', 'Dungeon Rats'),
(45, '0', '', '', 'f', '', ''),
(46, '2', 'h', '', '', '', ''),
(47, '2', 'h', '', '', '', ''),
(48, '2', 'h', '', '', '', ''),
(49, '2', 'h', '', '', '', ''),
(50, '2', 'h', '', '', '', ''),
(51, '2', 'h', '', '', '', ''),
(52, '2', 'h', '', '', '', ''),
(53, '2', 'h', '', '', '', ''),
(54, '2', 'h', '', '', '', ''),
(55, '0', '', '', 'f', '', ''),
(56, '0', '', '', 'f', '', ''),
(57, '4', 'h', '', '', '', ''),
(58, '2', 'h', '', '', '', ''),
(59, '4', 'h', '', '', '', ''),
(60, '2', 'h', '', '', '', ''),
(61, '2', 'h', '', '', '', ''),
(62, '4', 'h', '', '', '', ''),
(63, '2', 'h', '', '', '', ''),
(64, '4', 'h', '', '', '', ''),
(65, '4', 'h', '', '', '', ''),
(66, '4', 'h', '', '', '', ''),
(67, '0', '', '', 'f', '', ''),
(68, '3', 'h', '', '', '', ''),
(69, '3', 'h', '', '', '', ''),
(70, '1', 'h', '', '', '', ''),
(71, '1', 'h', '', '', '', ''),
(72, '1', 'h', '', '', '', ''),
(73, '1', 'h', '', '', '', ''),
(74, 'VALORANT', 'Quake Champions', 'XCOM: Chimera Squad', 'Battle Brothers', 'Dirty Bomb', 'Atlas Reactor'),
(75, 'VALORANT', 'Quake Champions', 'XCOM: Chimera Squad', 'Battle Brothers', 'Dirty Bomb', 'Atlas Reactor'),
(76, 'VALORANT', 'Quake Champions', 'XCOM: Chimera Squad', 'Battle Brothers', 'Dirty Bomb', 'Atlas Reactor'),
(77, 'VALORANT', 'Quake Champions', 'XCOM: Chimera Squad', 'Battle Brothers', 'Dirty Bomb', 'Atlas Reactor'),
(78, 'VALORANT', 'Quake Champions', 'XCOM: Chimera Squad', 'Battle Brothers', 'Dirty Bomb', 'Atlas Reactor'),
(79, 'VALORANT', 'Quake Champions', 'XCOM: Chimera Squad', 'Battle Brothers', 'Dirty Bomb', 'Atlas Reactor'),
(80, 'VALORANT', 'Quake Champions', 'XCOM: Chimera Squad', 'Battle Brothers', 'Dirty Bomb', 'Atlas Reactor'),
(81, 'VALORANT', 'Quake Champions', 'XCOM: Chimera Squad', 'Battle Brothers', 'Dirty Bomb', 'Atlas Reactor'),
(82, 'VALORANT', 'Quake Champions', 'XCOM: Chimera Squad', 'Battle Brothers', 'Dirty Bomb', 'Atlas Reactor'),
(83, 'VALORANT', 'Quake Champions', 'XCOM: Chimera Squad', 'Battle Brothers', 'Dirty Bomb', 'Atlas Reactor'),
(84, 'VALORANT', 'Quake Champions', 'XCOM: Chimera Squad', 'Battle Brothers', 'Dirty Bomb', 'Atlas Reactor'),
(85, 'VALORANT', 'Quake Champions', 'XCOM: Chimera Squad', 'Battle Brothers', 'Dirty Bomb', 'Atlas Reactor'),
(86, 'VALORANT', 'Quake Champions', 'XCOM: Chimera Squad', 'Battle Brothers', 'Dirty Bomb', 'Atlas Reactor'),
(87, 'VALORANT', 'Quake Champions', 'XCOM: Chimera Squad', 'Battle Brothers', 'Dirty Bomb', 'Atlas Reactor'),
(88, 'VALORANT', 'Quake Champions', 'XCOM: Chimera Squad', 'Battle Brothers', 'Dirty Bomb', 'Atlas Reactor'),
(89, 'VALORANT', 'Quake Champions', 'XCOM: Chimera Squad', 'Battle Brothers', 'Dirty Bomb', 'Atlas Reactor'),
(90, 'Alien Swarm: Reactive Drop', 'Touhou Kikeijuu ~ Wily Beast and Weakest Creature', 'House of the Dying Sun', 'Ghost in the Shell: First Assault - Stand Alone Complex Online', 'Druidstone: The Secret of the Menhir Forest', 'Battlefleet Gothic: Armada'),
(91, 'Monolith', 'ATOMEGA', 'Disgaea PC', 'Osiris: New Dawn', 'Fractured Space', 'Empyrion - Galactic Survival'),
(92, 'Monolith', 'ATOMEGA', 'Disgaea PC', 'Osiris: New Dawn', 'Fractured Space', 'Empyrion - Galactic Survival'),
(93, 'Monolith', 'ATOMEGA', 'Disgaea PC', 'Osiris: New Dawn', 'Fractured Space', 'Empyrion - Galactic Survival'),
(94, 'Alien Swarm: Reactive Drop', 'Touhou Kikeijuu ~ Wily Beast and Weakest Creature', 'House of the Dying Sun', 'Ghost in the Shell: First Assault - Stand Alone Complex Online', 'Druidstone: The Secret of the Menhir Forest', 'Battlefleet Gothic: Armada'),
(95, 'Alien Swarm: Reactive Drop', 'Touhou Kikeijuu ~ Wily Beast and Weakest Creature', 'House of the Dying Sun', 'Ghost in the Shell: First Assault - Stand Alone Complex Online', 'Druidstone: The Secret of the Menhir Forest', 'Battlefleet Gothic: Armada'),
(96, 'Alien Swarm: Reactive Drop', 'Touhou Kikeijuu ~ Wily Beast and Weakest Creature', 'House of the Dying Sun', 'Ghost in the Shell: First Assault - Stand Alone Complex Online', 'Druidstone: The Secret of the Menhir Forest', 'Battlefleet Gothic: Armada'),
(97, 'Alien Swarm: Reactive Drop', 'Touhou Kikeijuu ~ Wily Beast and Weakest Creature', 'House of the Dying Sun', 'Ghost in the Shell: First Assault - Stand Alone Complex Online', 'Druidstone: The Secret of the Menhir Forest', 'Battlefleet Gothic: Armada'),
(98, 'Alien Swarm: Reactive Drop', 'Touhou Kikeijuu ~ Wily Beast and Weakest Creature', 'House of the Dying Sun', 'Ghost in the Shell: First Assault - Stand Alone Complex Online', 'Druidstone: The Secret of the Menhir Forest', 'Battlefleet Gothic: Armada'),
(99, 'Alien Swarm: Reactive Drop', 'Touhou Kikeijuu ~ Wily Beast and Weakest Creature', 'House of the Dying Sun', 'Ghost in the Shell: First Assault - Stand Alone Complex Online', 'Druidstone: The Secret of the Menhir Forest', 'Battlefleet Gothic: Armada'),
(100, 'Monolith', 'ATOMEGA', 'Quake Champions', 'XCOM: Chimera Squad', 'Battle Brothers', 'Dirty Bomb'),
(101, 'Monolith', 'ATOMEGA', 'Quake Champions', 'XCOM: Chimera Squad', 'Battle Brothers', 'Dirty Bomb'),
(102, 'Battlefleet Gothic: Armada', 'Battle Brothers', 'Desync', 'House of the Dying Sun', 'Haydee', 'Miscreated'),
(103, 'Monolith', 'ATOMEGA', 'Disgaea PC', 'Osiris: New Dawn', 'Fractured Space', 'Empyrion - Galactic Survival'),
(104, 'Unreal Tournament', 'Monolith', 'Battle Brothers', 'Desync', 'SYNTHETIK: Legion Rising', 'Battlefleet Gothic: Armada'),
(105, 'Unreal Tournament', 'Monolith', 'Battle Brothers', 'Desync', 'SYNTHETIK: Legion Rising', 'Battlefleet Gothic: Armada'),
(106, 'Unreal Tournament', 'Monolith', 'Battle Brothers', 'Desync', 'SYNTHETIK: Legion Rising', 'Battlefleet Gothic: Armada'),
(107, 'Unreal Tournament', 'Monolith', 'Battle Brothers', 'Desync', 'SYNTHETIK: Legion Rising', 'Battlefleet Gothic: Armada'),
(108, 'Lone Echo', 'Unreal Tournament', 'Monolith', 'Battle Brothers', 'Desync', 'SYNTHETIK: Legion Rising'),
(109, 'Hot Dogs, Horseshoes & Hand Grenades', 'Element TD 2', 'Neptunia Shooter', 'M.A.S.S. Builder', 'Lone Echo', 'Satisfactory'),
(110, 'Hot Dogs, Horseshoes & Hand Grenades', 'Element TD 2', 'Neptunia Shooter', 'M.A.S.S. Builder', 'Lone Echo', 'Satisfactory'),
(111, 'Hot Dogs, Horseshoes & Hand Grenades', 'Element TD 2', 'Neptunia Shooter', 'M.A.S.S. Builder', 'Lone Echo', 'Satisfactory'),
(112, 'Hot Dogs, Horseshoes & Hand Grenades', 'Element TD 2', 'Neptunia Shooter', 'M.A.S.S. Builder', 'Lone Echo', 'Satisfactory'),
(113, 'Element TD 2', 'Neptunia Shooter', 'M.A.S.S. Builder', 'Lone Echo', 'Satisfactory', 'Unreal Tournament'),
(114, 'Element TD 2', 'Neptunia Shooter', 'M.A.S.S. Builder', 'Lone Echo', 'Satisfactory', 'Unreal Tournament'),
(115, 'Element TD 2', 'Neptunia Shooter', 'M.A.S.S. Builder', 'Lone Echo', 'Satisfactory', 'Unreal Tournament'),
(116, 'Element TD 2', '', '', '', '', 'Neptunia Shooter'),
(117, 'Element TD 2', 'Neptunia Shooter', 'M.A.S.S. Builder', 'Lone Echo', 'Satisfactory', 'Unreal Tournament'),
(118, 'Element TD 2', 'Neptunia Shooter', 'M.A.S.S. Builder', 'Lone Echo', 'Satisfactory', 'Unreal Tournament'),
(119, 'Element TD 2', 'Neptunia Shooter', 'M.A.S.S. Builder', 'Lone Echo', 'Satisfactory', 'Unreal Tournament'),
(120, 'Element TD 2', 'Neptunia Shooter', 'M.A.S.S. Builder', 'Lone Echo', 'Satisfactory', 'Unreal Tournament'),
(121, 'Element TD 2', 'Neptunia Shooter', 'M.A.S.S. Builder', 'Lone Echo', 'Satisfactory', 'Unreal Tournament'),
(122, 'Element TD 2', 'Neptunia Shooter', 'M.A.S.S. Builder', 'Lone Echo', 'Satisfactory', 'Unreal Tournament'),
(123, 'Element TD 2', 'Neptunia Shooter', 'M.A.S.S. Builder', 'Lone Echo', 'Satisfactory', 'Unreal Tournament'),
(124, 'Element TD 2', 'Neptunia Shooter', 'M.A.S.S. Builder', 'Lone Echo', 'Satisfactory', 'Unreal Tournament'),
(125, 'Element TD 2', 'Neptunia Shooter', 'M.A.S.S. Builder', 'Lone Echo', 'Satisfactory', 'Unreal Tournament'),
(126, 'Shoppe Keep 2', 'Aggressors: Ancient Rome', 'Automobile Tycoon', 'Land Doctrine', 'Veil of Crows', 'Spiritlands'),
(127, 'Shoppe Keep 2', 'Aggressors: Ancient Rome', 'Automobile Tycoon', 'Land Doctrine', 'Veil of Crows', 'Spiritlands'),
(128, 'Shoppe Keep 2', 'Aggressors: Ancient Rome', 'Automobile Tycoon', 'Land Doctrine', 'Veil of Crows', 'Spiritlands'),
(129, 'Planet Coaster', 'ISLANDERS', 'Kenshi', 'Postal 4: No Regerts', 'Driftland: The Magic Revival', 'Overcrowd: A Commute  Em Up'),
(130, 'Shoppe Keep 2', 'Aggressors: Ancient Rome', 'Automobile Tycoon', 'Land Doctrine', 'Veil of Crows', 'Spiritlands'),
(131, 'Dawn of Andromeda', 'Thea 2: The Shattering', 'Stellar Monarch', 'Shattered Skies', 'Naval Action', 'Streamer Daily'),
(132, 'Dawn of Andromeda', 'Thea 2: The Shattering', 'Stellar Monarch', 'Shattered Skies', 'Naval Action', 'Streamer Daily'),
(133, 'Dawn of Andromeda', 'Thea 2: The Shattering', 'Stellar Monarch', 'Shattered Skies', 'Naval Action', 'Streamer Daily'),
(134, 'Dawn of Andromeda', 'Thea 2: The Shattering', 'Stellar Monarch', 'Shattered Skies', 'Naval Action', 'Streamer Daily'),
(135, 'Dawn of Andromeda', 'Thea 2: The Shattering', 'Stellar Monarch', 'Shattered Skies', 'Naval Action', 'Streamer Daily'),
(136, 'Shoppe Keep 2', 'Aggressors: Ancient Rome', 'Automobile Tycoon', 'Land Doctrine', 'Veil of Crows', 'Spiritlands'),
(137, 'Planet Coaster', 'ISLANDERS', 'Kenshi', 'Postal 4: No Regerts', 'Driftland: The Magic Revival', 'Overcrowd: A Commute  Em Up'),
(138, 'Planet Coaster', 'ISLANDERS', 'Kenshi', 'Postal 4: No Regerts', 'Driftland: The Magic Revival', 'Overcrowd: A Commute  Em Up'),
(139, 'Planet Coaster', 'ISLANDERS', 'Kenshi', 'Postal 4: No Regerts', 'Driftland: The Magic Revival', 'Overcrowd: A Commute  Em Up'),
(140, 'Dawn of Andromeda', 'Thea 2: The Shattering', 'Stellar Monarch', 'Shattered Skies', 'Naval Action', 'Streamer Daily'),
(141, 'Dawn of Andromeda', 'Thea 2: The Shattering', 'Stellar Monarch', 'Shattered Skies', 'Naval Action', 'Streamer Daily'),
(142, 'Planet Coaster', 'Battle Brothers', 'Planet Zoo', 'Escape From Tarkov', 'ISLANDERS', 'Kenshi'),
(143, 'Planet Coaster', 'Battle Brothers', 'Planet Zoo', 'Escape From Tarkov', 'ISLANDERS', 'Kenshi'),
(144, 'Planet Coaster', 'Battle Brothers', 'Planet Zoo', 'Escape From Tarkov', 'ISLANDERS', 'Kenshi'),
(145, 'Planet Coaster', 'Battle Brothers', 'Planet Zoo', 'Escape From Tarkov', 'ISLANDERS', 'Kenshi'),
(146, 'Planet Coaster', 'Battle Brothers', 'Planet Zoo', 'Escape From Tarkov', 'ISLANDERS', 'Kenshi'),
(147, 'Planet Coaster', 'Battle Brothers', 'Planet Zoo', 'Escape From Tarkov', 'ISLANDERS', 'Kenshi'),
(148, 'Planet Coaster', 'Battle Brothers', 'Planet Zoo', 'Escape From Tarkov', 'ISLANDERS', 'Kenshi'),
(149, 'Planet Coaster', 'Battle Brothers', 'Planet Zoo', 'Escape From Tarkov', 'ISLANDERS', 'Kenshi'),
(150, 'Planet Coaster', 'Battle Brothers', 'Planet Zoo', 'Escape From Tarkov', 'ISLANDERS', 'Kenshi'),
(151, 'Planet Coaster', 'Battle Brothers', 'Planet Zoo', 'Escape From Tarkov', 'ISLANDERS', 'Kenshi'),
(152, 'Planet Coaster', 'Battle Brothers', 'Planet Zoo', 'Escape From Tarkov', 'ISLANDERS', 'Kenshi'),
(153, 'Shoppe Keep 2', 'Aggressors: Ancient Rome', 'Automobile Tycoon', 'Land Doctrine', 'Veil of Crows', 'Spiritlands'),
(154, 'Planet Coaster', 'ISLANDERS', 'Kenshi', 'Postal 4: No Regerts', 'Driftland: The Magic Revival', 'Overcrowd: A Commute  Em Up'),
(155, 'Planet Coaster', 'ISLANDERS', 'Kenshi', 'Postal 4: No Regerts', 'Driftland: The Magic Revival', 'Overcrowd: A Commute  Em Up'),
(156, 'Planet Coaster', 'ISLANDERS', 'Kenshi', 'Postal 4: No Regerts', 'Driftland: The Magic Revival', 'Overcrowd: A Commute  Em Up'),
(157, 'Planet Coaster', 'Battle Brothers', 'Planet Zoo', 'Escape From Tarkov', 'ISLANDERS', 'Kenshi'),
(158, 'Planet Coaster', 'Battle Brothers', 'Planet Zoo', 'Escape From Tarkov', 'ISLANDERS', 'Kenshi'),
(159, 'Planet Coaster', 'Battle Brothers', 'Planet Zoo', 'Escape From Tarkov', 'ISLANDERS', 'Kenshi'),
(160, 'Planet Coaster', 'Battle Brothers', 'Planet Zoo', 'Escape From Tarkov', 'ISLANDERS', 'Kenshi'),
(161, 'Planet Coaster', 'Battle Brothers', 'Planet Zoo', 'Escape From Tarkov', 'ISLANDERS', 'Kenshi'),
(162, 'Planet Coaster', 'Battle Brothers', 'Planet Zoo', 'Escape From Tarkov', 'ISLANDERS', 'Kenshi'),
(163, 'Dawn of Andromeda', 'Thea 2: The Shattering', 'Conqueror s Blade', 'Stellar Monarch', 'Shattered Skies', 'Naval Action'),
(164, 'Kenshi', 'Battle Brothers', 'Driftland: The Magic Revival', 'Planet Coaster', 'ISLANDERS', 'Planet Zoo'),
(165, 'Lone Echo', 'Satisfactory', 'Unreal Tournament', 'Monolith', 'Hot Dogs, Horseshoes & Hand Grenades', 'Heat Signature'),
(166, 'Lone Echo', 'Satisfactory', 'Unreal Tournament', 'Monolith', 'Hot Dogs, Horseshoes & Hand Grenades', 'Heat Signature'),
(167, 'Lone Echo', 'Satisfactory', 'Unreal Tournament', 'Monolith', 'Hot Dogs, Horseshoes & Hand Grenades', 'Heat Signature'),
(168, 'Lone Echo', 'Satisfactory', 'Unreal Tournament', 'Monolith', 'Hot Dogs, Horseshoes & Hand Grenades', 'Heat Signature'),
(169, 'Lone Echo', 'Satisfactory', 'Unreal Tournament', 'Monolith', 'Hot Dogs, Horseshoes & Hand Grenades', 'Heat Signature'),
(170, 'Lone Echo', 'Satisfactory', 'Unreal Tournament', 'Monolith', 'Hot Dogs, Horseshoes & Hand Grenades', 'Heat Signature'),
(171, 'Lone Echo', 'Satisfactory', 'Unreal Tournament', 'Monolith', 'Hot Dogs, Horseshoes & Hand Grenades', 'Heat Signature'),
(172, 'Lone Echo', 'Satisfactory', 'Unreal Tournament', 'Monolith', 'Hot Dogs, Horseshoes & Hand Grenades', 'Heat Signature'),
(173, 'Lone Echo', 'Satisfactory', 'Unreal Tournament', 'Monolith', 'Hot Dogs, Horseshoes & Hand Grenades', 'Heat Signature'),
(174, 'Lone Echo', 'Satisfactory', 'Unreal Tournament', 'Monolith', 'Hot Dogs, Horseshoes & Hand Grenades', 'Heat Signature'),
(175, 'Battle Brothers', 'Escape From Tarkov', 'Naval Action', '', '', ''),
(176, 'DUSK', 'Unreal Tournament', 'BONEWORKS', 'Monolith', 'Swarmlake', 'Pavlov VR'),
(177, 'DOOM', 'Fire Emblem: Three Houses', 'Splatoon 2', 'Garage', 'Super Mario Party', 'GIGANTIC ARMY'),
(178, 'DOOM', 'Fire Emblem: Three Houses', 'Splatoon 2', 'Garage', 'Super Mario Party', 'GIGANTIC ARMY'),
(179, 'Days Gone', 'Miracle Girls Festival (PS4)', 'Final Fantasy XV: Deluxe Edition', '', '', ''),
(180, 'Persona 5 Royal', 'Final Fantasy VII Remake', 'Ghost of Tsushima', 'Yakuza 6: The Song of Life', '13 Sentinels: Aegis Rim', 'God of War'),
(181, 'God of War: Bonus Edition', 'Ghost of Tsushima: Digital Deluxe Edition', 'Persona 5 Royal Limited Edition', 'God of War: Limited Edition', 'Yakuza 0: Digital Deluxe Edition', 'Yakuza 6: The Song of Life - Launch Edition'),
(182, 'Persona 5 Royal', 'Final Fantasy VII Remake', 'Ghost of Tsushima', 'Yakuza 6: The Song of Life', '13 Sentinels: Aegis Rim', 'God of War'),
(183, 'Persona 5 Royal', 'Final Fantasy VII Remake', 'Uncharted 4: A Thief s End', 'Marvel s Spider-Man', 'Ghost of Tsushima', 'Yakuza 6: The Song of Life'),
(184, 'Persona 5 Royal', 'Final Fantasy VII Remake', 'Uncharted 4: A Thief s End', 'Marvel s Spider-Man', 'Ghost of Tsushima', 'Yakuza 6: The Song of Life'),
(185, 'Persona 5 Royal', 'Final Fantasy VII Remake', 'Uncharted 4: A Thief s End', 'Marvel s Spider-Man', 'Ghost of Tsushima', 'Yakuza 6: The Song of Life'),
(186, 'ReactorX', 'Deponia Collection', 'ZAMB! Redux', 'Liege Dragon', '', ''),
(187, 'Goosebumps: Dead of Night', '', '', '', '', ''),
(188, 'Goosebumps: Dead of Night', '', '', '', '', ''),
(189, 'Goosebumps: Dead of Night', '', '', '', '', ''),
(190, 'Goosebumps: Dead of Night', '', '', '', '', ''),
(191, 'BONEWORKS', 'The Talos Principle VR', 'Supraland', 'Haydee', 'Cat on a Diet', 'Super Mustache'),
(192, 'BONEWORKS', 'The Talos Principle VR', 'Bladed Fury', 'World of Warcraft Classic', 'DARQ', 'Breathedge'),
(193, 'DUSK', 'Unreal Tournament', 'BONEWORKS', 'Monolith', 'Swarmlake', 'Pavlov VR'),
(194, 'Disgaea PC', 'Syrian Warfare', 'Battlefleet Gothic: Armada', 'Quarantine', 'House of the Dying Sun', 'Steel Division: Normandy 44'),
(195, 'Battle Brothers', 'Grim Dawn', 'Quarantine', 'Escape From Tarkov', 'Wolcen: Lords of Mayhem', 'Corruption 2029'),
(196, 'Battle Brothers', 'Disgaea PC', 'Grim Dawn', 'Low Magic Age', 'Battlefleet Gothic: Armada', 'Quarantine'),
(197, 'Shardlight', 'Druidstone: The Secret of the Menhir Forest', 'The Guest', 'Haydee', 'The Frostrune', 'Aporia: Beyond The Valley'),
(198, '', '', '', '', '', ''),
(199, '', '', '', '', '', ''),
(200, '', '', '', '', '', ''),
(201, 'Battle Brothers', 'Disgaea PC', 'The Mercury Man', 'Dungeon Rats', 'Heroes & Generals', 'Abandon Ship'),
(202, 'Battle Brothers', 'Disgaea PC', 'The Mercury Man', 'Dungeon Rats', 'Heroes & Generals', 'Abandon Ship'),
(203, 'Battle Brothers', 'Disgaea PC', 'The Mercury Man', 'Dungeon Rats', 'Heroes & Generals', 'Abandon Ship'),
(204, '', '', '', '', '', ''),
(205, '', '', '', '', '', ''),
(206, 'DUSK', 'Unreal Tournament', 'BONEWORKS', 'Monolith', 'Swarmlake', 'Pavlov VR'),
(207, 'DUSK', 'Unreal Tournament', 'BONEWORKS', 'Monolith', 'Swarmlake', 'Pavlov VR'),
(208, 'DUSK', 'Unreal Tournament', 'BONEWORKS', 'Monolith', 'Pavlov VR', 'Bladed Fury'),
(209, 'DUSK', 'Unreal Tournament', 'BONEWORKS', 'Monolith', 'Pavlov VR', 'Bladed Fury'),
(210, 'DUSK', 'Unreal Tournament', 'BONEWORKS', 'Monolith', 'The Talos Principle VR', 'Swarmlake'),
(211, 'BONEWORKS', 'The Talos Principle VR', 'Swarmlake', 'DEEP SPACE WAIFU: WORLD', 'Kenshi', 'Bladed Fury'),
(212, 'BONEWORKS', 'The Talos Principle VR', 'Swarmlake', 'DEEP SPACE WAIFU: WORLD', 'Kenshi', 'Bladed Fury'),
(213, 'BONEWORKS', 'The Talos Principle VR', 'Swarmlake', 'DEEP SPACE WAIFU: WORLD', 'Kenshi', 'Bladed Fury'),
(214, 'BONEWORKS', 'The Talos Principle VR', 'Swarmlake', 'DEEP SPACE WAIFU: WORLD', 'Kenshi', 'Bladed Fury'),
(215, 'BONEWORKS', 'The Talos Principle VR', 'Swarmlake', 'DEEP SPACE WAIFU: WORLD', 'Kenshi', 'Bladed Fury'),
(216, 'BONEWORKS', 'The Talos Principle VR', 'Swarmlake', 'DEEP SPACE WAIFU: WORLD', 'Kenshi', 'Bladed Fury'),
(217, 'BONEWORKS', 'The Talos Principle VR', 'Swarmlake', 'DEEP SPACE WAIFU: WORLD', 'Kenshi', 'Bladed Fury'),
(218, 'BONEWORKS', 'The Talos Principle VR', 'Swarmlake', 'DEEP SPACE WAIFU: WORLD', 'Kenshi', 'Bladed Fury'),
(219, 'BONEWORKS', 'The Talos Principle VR', 'Swarmlake', 'DEEP SPACE WAIFU: WORLD', 'Kenshi', 'Bladed Fury'),
(220, 'BONEWORKS', 'The Talos Principle VR', 'Swarmlake', 'DEEP SPACE WAIFU: WORLD', 'Kenshi', 'Bladed Fury'),
(221, 'BONEWORKS', 'The Talos Principle VR', 'Swarmlake', 'DEEP SPACE WAIFU: WORLD', 'Kenshi', 'Bladed Fury'),
(222, 'BONEWORKS', 'The Talos Principle VR', 'Swarmlake', 'DEEP SPACE WAIFU: WORLD', 'Kenshi', 'Bladed Fury'),
(223, 'BONEWORKS', 'The Talos Principle VR', 'Swarmlake', 'DEEP SPACE WAIFU: WORLD', 'Kenshi', 'Bladed Fury'),
(224, 'BONEWORKS', 'The Talos Principle VR', 'Swarmlake', 'DEEP SPACE WAIFU: WORLD', 'Kenshi', 'Bladed Fury'),
(225, 'BONEWORKS', 'The Talos Principle VR', 'Swarmlake', 'DEEP SPACE WAIFU: WORLD', 'Kenshi', 'Bladed Fury'),
(226, 'BONEWORKS', 'The Talos Principle VR', 'Swarmlake', 'DEEP SPACE WAIFU: WORLD', 'Kenshi', 'Bladed Fury'),
(227, 'BONEWORKS', 'The Talos Principle VR', 'Swarmlake', 'DEEP SPACE WAIFU: WORLD', 'Kenshi', 'Bladed Fury'),
(228, 'BONEWORKS', 'The Talos Principle VR', 'Swarmlake', 'DEEP SPACE WAIFU: WORLD', 'Kenshi', 'Bladed Fury'),
(229, 'BONEWORKS', 'The Talos Principle VR', 'Swarmlake', 'DEEP SPACE WAIFU: WORLD', 'Kenshi', 'Bladed Fury'),
(230, 'BONEWORKS', 'The Talos Principle VR', 'Swarmlake', 'DEEP SPACE WAIFU: WORLD', 'Kenshi', 'Bladed Fury'),
(231, 'BONEWORKS', 'The Talos Principle VR', 'Swarmlake', 'DEEP SPACE WAIFU: WORLD', 'Kenshi', 'Bladed Fury'),
(232, 'BONEWORKS', 'The Talos Principle VR', 'Swarmlake', 'DEEP SPACE WAIFU: WORLD', 'Kenshi', 'Bladed Fury'),
(233, 'BONEWORKS', 'The Talos Principle VR', 'Swarmlake', 'DEEP SPACE WAIFU: WORLD', 'Kenshi', 'Bladed Fury'),
(234, 'BONEWORKS', 'The Talos Principle VR', 'Swarmlake', 'DEEP SPACE WAIFU: WORLD', 'Kenshi', 'Bladed Fury'),
(235, 'BONEWORKS', 'The Talos Principle VR', 'Swarmlake', 'DEEP SPACE WAIFU: WORLD', 'Kenshi', 'Bladed Fury'),
(236, 'BONEWORKS', 'The Talos Principle VR', 'Swarmlake', 'DEEP SPACE WAIFU: WORLD', 'Kenshi', 'Bladed Fury'),
(237, 'BONEWORKS', 'The Talos Principle VR', 'Swarmlake', 'DEEP SPACE WAIFU: WORLD', 'Kenshi', 'Bladed Fury'),
(238, 'BONEWORKS', 'The Talos Principle VR', 'Swarmlake', 'DEEP SPACE WAIFU: WORLD', 'Kenshi', 'Bladed Fury'),
(239, 'Kenshi', 'Supraland', 'Battle Brothers', 'Driftland: The Magic Revival', 'Planet Coaster', 'ISLANDERS'),
(240, 'Distant Worlds: Universe', 'Automation - The Car Company Tycoon Game', 'Imagine Earth', 'Patrician IV', 'Endless Space', 'Anno 2205'),
(241, 'Kenshi', 'Supraland', 'Battle Brothers', 'Driftland: The Magic Revival', 'Planet Coaster', 'ISLANDERS'),
(242, 'Distant Worlds: Universe', 'Automation - The Car Company Tycoon Game', 'Imagine Earth', 'Patrician IV', 'Endless Space', 'Anno 2205'),
(243, 'Kenshi', 'Supraland', 'Battle Brothers', 'Driftland: The Magic Revival', 'Planet Coaster', 'ISLANDERS'),
(244, 'Distant Worlds: Universe', 'Automation - The Car Company Tycoon Game', 'Imagine Earth', 'Patrician IV', 'Endless Space', 'Anno 2205'),
(245, 'Kenshi', 'Supraland', 'Battle Brothers', 'Driftland: The Magic Revival', 'Planet Coaster', 'ISLANDERS'),
(246, 'Distant Worlds: Universe', 'Automation - The Car Company Tycoon Game', 'Imagine Earth', 'Patrician IV', 'Endless Space', 'Anno 2205'),
(247, 'Kenshi', 'Supraland', 'Battle Brothers', 'Driftland: The Magic Revival', 'Planet Coaster', 'ISLANDERS'),
(248, 'Distant Worlds: Universe', 'Automation - The Car Company Tycoon Game', 'Imagine Earth', 'Patrician IV', 'Endless Space', 'Anno 2205'),
(249, 'Kenshi', 'Supraland', 'Battle Brothers', 'Driftland: The Magic Revival', 'Planet Coaster', 'ISLANDERS'),
(250, 'Distant Worlds: Universe', 'Automation - The Car Company Tycoon Game', 'Imagine Earth', 'Patrician IV', 'Endless Space', 'Anno 2205'),
(251, 'Supraland', 'Battle Brothers', 'Scrap Mechanic', 'Tower Unite', 'Escape From Tarkov', 'Superflight'),
(252, 'Automation - The Car Company Tycoon Game', 'Spintires', 'From The Depths', 'Sacred 2 Gold', 'ArcheAge', 'Reign of Kings'),
(253, 'Supraland', 'Battle Brothers', 'Scrap Mechanic', 'Tower Unite', 'Escape From Tarkov', 'Kingsway'),
(254, 'Spintires', 'From The Depths', 'Sacred 2 Gold', 'ArcheAge', 'Reign of Kings', 'Darkout'),
(255, 'Supraland', 'Battle Brothers', 'Scrap Mechanic', 'Tower Unite', 'Escape From Tarkov', 'Kingsway'),
(256, 'Spintires', 'From The Depths', 'Sacred 2 Gold', 'ArcheAge', 'Reign of Kings', 'Darkout'),
(257, 'Kenshi', 'Supraland', 'Battle Brothers', 'Driftland: The Magic Revival', 'Planet Coaster', 'ISLANDERS'),
(258, 'Distant Worlds: Universe', 'Automation - The Car Company Tycoon Game', 'Imagine Earth', 'Patrician IV', 'Endless Space', 'Anno 2205'),
(259, 'Downfall', 'Kenshi', 'DARQ', 'Supraland', 'Heat Signature', 'Battle Brothers'),
(260, 'Ib', 'SCP - Containment Breach', 'Distant Worlds: Universe', 'Automation - The Car Company Tycoon Game', 'The Isle', 'Mogeko Castle'),
(261, 'Downfall', 'Kenshi', 'DARQ', 'Supraland', 'Heat Signature', 'Battle Brothers'),
(262, 'Ib', 'SCP - Containment Breach', 'Distant Worlds: Universe', 'Automation - The Car Company Tycoon Game', 'The Isle', 'Mogeko Castle'),
(263, 'Downfall', 'Oxygen Not Included', 'Kenshi', 'DARQ', 'Supraland', 'Heat Signature'),
(264, 'Ib', 'SCP - Containment Breach', 'Distant Worlds: Universe', 'Automation - The Car Company Tycoon Game', 'The Isle', 'Mogeko Castle'),
(265, 'Battle Brothers', 'Quarantine', 'Escape From Tarkov', 'Superflight', 'Corruption 2029', 'Mainframe Defenders'),
(266, 'Automation - The Car Company Tycoon Game', 'Spintires', 'Clandestine', 'Sniper Elite: Nazi Zombie Army', 'Sniper Elite: Nazi Zombie Army 2', 'Skyshine s Bedlam'),
(267, 'Oxygen Not Included', 'DARQ', 'X4: Foundations', 'Stories Untold', 'Scrap Mechanic', 'Mist Survival'),
(268, 'Ib', 'SCP - Containment Breach', 'Mogeko Castle', 'Spintires', 'Clandestine', 'Train Simulator'),
(269, 'Oxygen Not Included', 'DARQ', 'X4: Foundations', 'Stories Untold', 'Scrap Mechanic', 'Mist Survival'),
(270, 'Ib', 'SCP - Containment Breach', 'Mogeko Castle', 'Spintires', 'Clandestine', 'Train Simulator'),
(271, 'Oxygen Not Included', 'DARQ', 'X4: Foundations', 'Stories Untold', 'Scrap Mechanic', 'Mist Survival'),
(272, 'Ib', 'SCP - Containment Breach', 'Mogeko Castle', 'Spintires', 'Clandestine', 'Train Simulator'),
(273, 'Downfall', 'DARQ', 'Stories Untold', 'The Beast Inside', 'Gray Dawn', 'Press X to Not Die'),
(274, 'Ib', 'SCP - Containment Breach', 'Mogeko Castle', 'The Charnel House Trilogy', 'Clandestine', 'Sherlock Holmes and The Hound of The Baskervilles'),
(275, 'DARQ', 'Supraland', 'Stories Untold', 'Death s Hangover', 'The Beast Inside', 'Gray Dawn'),
(276, 'Ib', 'SCP - Containment Breach', 'Mogeko Castle', 'Clandestine', 'They Breathe', 'Stairs'),
(277, 'ISLANDERS', 'SCP: Secret Laboratory', 'Corruption 2029', 'Morphblade', 'The Watson-Scott Test', 'Dawn of Andromeda'),
(278, 'Endless Space', 'Reassembly', 'Clandestine', 'StarDrive', 'Sol Survivor', 'Survivor Squad'),
(279, 'Lost in Vivo', 'DARQ', 'Devil Daggers', 'Stories Untold', 'Serious Sam VR: The Last Hope', 'The Beast Inside'),
(280, 'Ib', 'SCP - Containment Breach', 'Mogeko Castle', 'The Typing of the Dead: Overkill', 'Cry of Fear', 'Clandestine'),
(281, 'DARQ', 'Stories Untold', 'Death s Hangover', 'The Beast Inside', 'Gray Dawn', 'Press X to Not Die'),
(282, 'Ib', 'SCP - Containment Breach', 'Mogeko Castle', 'Clandestine', 'They Breathe', 'Stairs'),
(283, 'Oxygen Not Included', 'Melty Blood Actress Again Current Code', 'DARQ', 'Heat Signature', 'Planet Coaster', 'X4: Foundations'),
(284, 'Ib', 'SCP - Containment Breach', 'Distant Worlds: Universe', 'Automation - The Car Company Tycoon Game', 'Mogeko Castle', 'Imagine Earth'),
(285, 'The Talos Principle VR', 'Melty Blood Actress Again Current Code', 'DARQ', 'AMID EVIL', 'Heat Signature', 'Pummel Party'),
(286, 'Silent Hunter 5: Battle of the Atlantic', 'Carmageddon: Reincarnation', 'The King of Fighters 2002: Unlimited Match', 'Worms World Party Remastered', 'Lemma', 'Reassembly'),
(287, 'Four Last Things', 'Anno 1800', 'The Painscreek Killings', 'AMID EVIL', 'X4: Foundations', 'ELDERBORN'),
(288, 'Silent Hunter 5: Battle of the Atlantic', 'IL-2 Sturmovik: Cliffs of Dover', 'Imagine Earth', 'Patrician IV', 'Endless Space', 'The Sims Medieval'),
(289, 'Satisfactory', 'Oxygen Not Included', 'The Painscreek Killings', 'AMID EVIL', 'Heat Signature', 'X4: Foundations'),
(290, 'Distant Worlds: Universe', 'The King of Fighters 2002: Unlimited Match', 'Imagine Earth', 'Endless Space', 'The Sims Medieval', 'Rise of Venice'),
(291, 'Ghost of Tsushima', '13 Sentinels: Aegis Rim', 'Judgment', 'GUNDAM VERSUS', 'Flowers Are Dead', 'Kingdom Hearts: VR Experience'),
(292, 'Yorbie', 'Switch Galaxy', '', '', '', ''),
(293, 'ReactorX', '', '', '', '', ''),
(294, 'Killer Instinct Classic', 'Spectra: 8bit Racing', '', '', '', ''),
(295, 'Fast RMX', 'Kono Subarashii Sekai ni Shukufuku wo!: Kono Yokubou no Ishou ni Chouai wo!', 'PictoQuest', 'Harukanaru Toki no Naka de 7', 'Cafe Enchante', 'Touhou Gensou Mahjong'),
(296, '', '', '', '', '', ''),
(297, 'Kono Subarashii Sekai ni Shukufuku wo!: Kono Yokubou no Ishou ni Chouai wo!', 'Harukanaru Toki no Naka de 7', 'Cafe Enchante', 'Touhou Gensou Mahjong', 'Theatre Tales', 'Diabolik Lovers Chaos Lineage'),
(298, '', '', '', '', '', ''),
(299, 'Oxygen Not Included', 'Melty Blood Actress Again Current Code', 'Planet Coaster', 'X4: Foundations', 'Death s Hangover', 'ISLANDERS'),
(300, 'Distant Worlds: Universe', 'Automation - The Car Company Tycoon Game', 'Imagine Earth', 'Endless Space', 'Reassembly', 'Clandestine'),
(301, 'Oxygen Not Included', 'Melty Blood Actress Again Current Code', 'Planet Coaster', 'X4: Foundations', 'Death s Hangover', 'ISLANDERS'),
(302, 'Distant Worlds: Universe', 'Automation - The Car Company Tycoon Game', 'Imagine Earth', 'Endless Space', 'Reassembly', 'Clandestine'),
(303, 'Oxygen Not Included', 'Melty Blood Actress Again Current Code', 'Planet Coaster', 'X4: Foundations', 'Death s Hangover', 'ISLANDERS'),
(304, 'Distant Worlds: Universe', 'Automation - The Car Company Tycoon Game', 'Imagine Earth', 'Endless Space', 'Reassembly', 'Clandestine'),
(305, 'Oxygen Not Included', 'Melty Blood Actress Again Current Code', 'Planet Coaster', 'X4: Foundations', 'Death s Hangover', 'ISLANDERS'),
(306, 'Distant Worlds: Universe', 'Automation - The Car Company Tycoon Game', 'Imagine Earth', 'Endless Space', 'Reassembly', 'Clandestine'),
(307, 'DUSK', 'Unreal Tournament', 'Monolith', 'Pavlov VR', 'Hot Dogs, Horseshoes & Hand Grenades', 'AMID EVIL'),
(308, 'Silent Hunter 5: Battle of the Atlantic', 'Carmageddon: Reincarnation', 'Worms World Party Remastered', 'Dariusburst Chronicle Saviours', 'The Typing of the Dead: Overkill', 'Quake Live'),
(309, 'The Talos Principle VR', 'World of Warcraft Classic', 'DARQ', 'AMID EVIL', 'Breathedge', 'Supraland'),
(310, 'Sea Dogs: To Each His Own', 'UnderRail', 'Secrets of Grindea', 'Chronicon', 'Pathologic Classic HD', 'Lemma'),
(311, 'The Talos Principle VR', 'World of Warcraft Classic', 'DARQ', 'AMID EVIL', 'Breathedge', 'Supraland'),
(312, 'Sea Dogs: To Each His Own', 'UnderRail', 'Secrets of Grindea', 'Chronicon', 'Pathologic Classic HD', 'Lemma'),
(313, 'The Talos Principle VR', 'World of Warcraft Classic', 'DARQ', 'AMID EVIL', 'Breathedge', 'Supraland'),
(314, 'Carmageddon: Reincarnation', 'Sea Dogs: To Each His Own', 'UnderRail', 'Secrets of Grindea', 'Pathologic Classic HD', 'Lemma'),
(315, 'The Talos Principle VR', 'World of Warcraft Classic', 'DARQ', 'AMID EVIL', 'Breathedge', 'Supraland'),
(316, 'Carmageddon: Reincarnation', 'Sea Dogs: To Each His Own', 'UnderRail', 'Secrets of Grindea', 'Pathologic Classic HD', 'Lemma'),
(317, 'Bladed Fury', 'World of Warcraft Classic', 'DARQ', 'AMID EVIL', 'Breathedge', 'Supraland'),
(318, 'Carmageddon: Reincarnation', 'Sea Dogs: To Each His Own', 'UnderRail', 'Worms World Party Remastered', 'Pathologic Classic HD', 'Ben and Ed'),
(319, 'The Talos Principle VR', 'Bladed Fury', 'World of Warcraft Classic', 'DARQ', 'AMID EVIL', 'Breathedge'),
(320, 'Sea Dogs: To Each His Own', 'UnderRail', 'Pathologic Classic HD', 'Lemma', 'Super House of Dead Ninjas', 'War of the Vikings'),
(321, 'DUSK', 'Unreal Tournament', 'BONEWORKS', 'Monolith', 'Pavlov VR', 'DARQ'),
(322, 'Silent Hunter 5: Battle of the Atlantic', 'Carmageddon: Reincarnation', 'Worms World Party Remastered', 'Dariusburst Chronicle Saviours', 'The Typing of the Dead: Overkill', 'Ben and Ed'),
(323, 'ISLANDERS', 'Tower Unite', 'Ylands', 'Postal 4: No Regerts', 'Dawn of Andromeda', 'Stars in Shadow'),
(324, 'Endless Space', 'Reassembly', 'StarDrive', 'Dead Hungry Diner', 'Warlock: Master of the Arcane', 'Block N Load'),
(325, 'Lone Echo', 'Unreal Tournament', 'Monolith', 'The Painscreek Killings', 'AMID EVIL', 'Desync'),
(326, 'The King of Fighters 2002: Unlimited Match', 'Endless Space', 'Quake Live', 'Waves', 'The Chaos Engine', 'StarDrive'),
(327, 'DUSK', 'Unreal Tournament', 'Monolith', 'Swarmlake', 'Pavlov VR', 'DEEP SPACE WAIFU: WORLD'),
(328, 'Carmageddon: Reincarnation', 'The King of Fighters 2002: Unlimited Match', 'Worms World Party Remastered', 'Dariusburst Chronicle Saviours', 'Lemma', 'The Typing of the Dead: Overkill'),
(329, 'DUSK', 'Unreal Tournament', 'Monolith', 'Pavlov VR', 'DEEP SPACE WAIFU: WORLD', 'Melty Blood Actress Again Current Code'),
(330, 'Carmageddon: Reincarnation', 'The King of Fighters 2002: Unlimited Match', 'Worms World Party Remastered', 'Dariusburst Chronicle Saviours', 'Lemma', 'The Typing of the Dead: Overkill'),
(331, 'DUSK', 'Unreal Tournament', 'BONEWORKS', 'Monolith', 'Pavlov VR', 'Melty Blood Actress Again Current Code'),
(332, 'Carmageddon: Reincarnation', 'The King of Fighters 2002: Unlimited Match', 'The Isle', 'UnderRail', 'Pathologic Classic HD', 'Dariusburst Chronicle Saviours'),
(333, 'Kenshi', 'Bladed Fury', 'World of Warcraft Classic', 'DARQ', 'AMID EVIL', 'Breathedge'),
(334, 'Silent Hunter 5: Battle of the Atlantic', 'Carmageddon: Reincarnation', 'UnderRail', 'Worms World Party Remastered', 'Pathologic Classic HD', 'Ben and Ed'),
(335, 'Four Last Things', 'Anno 1800', 'World of Warcraft Classic', 'The Painscreek Killings', 'AMID EVIL', 'Mount & Blade II: Bannerlord'),
(336, 'Silent Hunter 5: Battle of the Atlantic', 'Distant Worlds: Universe', 'Divinity: Original Sin', 'Final Fantasy XIV Online', 'Guild Wars 2', 'Legend of Grimrock 2'),
(337, 'Four Last Things', 'Anno 1800', 'World of Warcraft Classic', 'The Painscreek Killings', 'AMID EVIL', 'Mount & Blade II: Bannerlord'),
(338, 'Silent Hunter 5: Battle of the Atlantic', 'Distant Worlds: Universe', 'Divinity: Original Sin', 'Final Fantasy XIV Online', 'Guild Wars 2', 'Legend of Grimrock 2'),
(339, 'NIGHT OF THE CONSUMERS', 'Delores: A Thimbleweed Park Mini-Adventure', 'Hentai Girl Fantasy', 'The Fairy s Song', 'Sink Again', 'Bem Feito'),
(340, 'Pink Hour', 'METAL SLUG DEFENSE', 'Magical Diary: Horse Hall', 'Panzar', 'Continent of the Ninth Seal', 'Romance of the Three Kingdoms Maker'),
(341, 'Four Last Things', 'Anno 1800', 'World of Warcraft Classic', 'The Painscreek Killings', 'AMID EVIL', 'Mount & Blade II: Bannerlord'),
(342, 'Silent Hunter 5: Battle of the Atlantic', 'Distant Worlds: Universe', 'Divinity: Original Sin', 'Final Fantasy XIV Online', 'Guild Wars 2', 'IL-2 Sturmovik: Cliffs of Dover'),
(343, 'Four Last Things', 'Anno 1800', 'World of Warcraft Classic', 'The Painscreek Killings', 'AMID EVIL', 'Mount & Blade II: Bannerlord'),
(344, 'Silent Hunter 5: Battle of the Atlantic', 'Distant Worlds: Universe', 'Divinity: Original Sin', 'Final Fantasy XIV Online', 'Guild Wars 2', 'IL-2 Sturmovik: Cliffs of Dover'),
(345, 'Four Last Things', 'Anno 1800', 'World of Warcraft Classic', 'The Painscreek Killings', 'AMID EVIL', 'Mount & Blade II: Bannerlord'),
(346, 'Silent Hunter 5: Battle of the Atlantic', 'Distant Worlds: Universe', 'Divinity: Original Sin', 'Final Fantasy XIV Online', 'Guild Wars 2', 'IL-2 Sturmovik: Cliffs of Dover'),
(347, 'Four Last Things', 'Anno 1800', 'World of Warcraft Classic', 'The Painscreek Killings', 'AMID EVIL', 'Mount & Blade II: Bannerlord'),
(348, 'Silent Hunter 5: Battle of the Atlantic', 'Distant Worlds: Universe', 'Divinity: Original Sin', 'Final Fantasy XIV Online', 'Guild Wars 2', 'IL-2 Sturmovik: Cliffs of Dover'),
(349, 'Four Last Things', 'Anno 1800', 'World of Warcraft Classic', 'The Painscreek Killings', 'AMID EVIL', 'Mount & Blade II: Bannerlord'),
(350, 'Silent Hunter 5: Battle of the Atlantic', 'Distant Worlds: Universe', 'Divinity: Original Sin', 'Final Fantasy XIV Online', 'Guild Wars 2', 'IL-2 Sturmovik: Cliffs of Dover'),
(351, 'Four Last Things', 'The Painscreek Killings', 'AMID EVIL', 'MORDHAU', 'Total War: Three Kingdoms', 'ELDERBORN'),
(352, 'Endless Space', 'The Typing of the Dead: Overkill', 'Waves', 'The Chaos Engine', 'StarDrive', 'War of the Vikings'),
(353, 'Four Last Things', 'The Painscreek Killings', 'AMID EVIL', 'MORDHAU', 'ELDERBORN', 'Death s Hangover'),
(354, 'Endless Space', 'The Typing of the Dead: Overkill', 'Waves', 'The Chaos Engine', 'StarDrive', 'War of the Vikings'),
(355, 'Four Last Things', 'World of Warcraft Classic', 'The Painscreek Killings', 'AMID EVIL', 'Battle Brothers', 'Disgaea PC'),
(356, 'Divinity: Original Sin', 'Final Fantasy XIV Online', 'Guild Wars 2', 'Secrets of Grindea', 'Chronicon', 'Legend of Grimrock 2'),
(357, 'Four Last Things', 'The Painscreek Killings', 'AMID EVIL', 'ELDERBORN', 'Death s Hangover', 'Genital Jousting'),
(358, 'Endless Space', 'The Typing of the Dead: Overkill', 'The Chaos Engine', 'StarDrive', 'War of the Vikings', 'Sniper Elite: Nazi Zombie Army'),
(359, 'Four Last Things', 'World of Warcraft Classic', 'The Painscreek Killings', 'AMID EVIL', 'Grim Dawn', 'ELDERBORN'),
(360, 'Final Fantasy XIV Online', 'Guild Wars 2', 'Legend of Grimrock 2', 'Drakensang: The River of Time', 'Star Wars: The Old Republic', 'Momodora III'),
(361, 'Four Last Things', 'World of Warcraft Classic', 'The Painscreek Killings', 'AMID EVIL', 'Grim Dawn', 'ELDERBORN'),
(362, 'Final Fantasy XIV Online', 'Guild Wars 2', 'Legend of Grimrock 2', 'Drakensang: The River of Time', 'Star Wars: The Old Republic', 'Momodora III'),
(363, 'Four Last Things', 'World of Warcraft Classic', 'The Painscreek Killings', 'AMID EVIL', 'Grim Dawn', 'ELDERBORN'),
(364, 'Final Fantasy XIV Online', 'Guild Wars 2', 'Legend of Grimrock 2', 'Drakensang: The River of Time', 'Star Wars: The Old Republic', 'Momodora III'),
(365, 'Four Last Things', 'World of Warcraft Classic', 'The Painscreek Killings', 'AMID EVIL', 'Grim Dawn', 'ELDERBORN'),
(366, 'Final Fantasy XIV Online', 'Guild Wars 2', 'Legend of Grimrock 2', 'Drakensang: The River of Time', 'Star Wars: The Old Republic', 'Momodora III'),
(367, 'Four Last Things', 'World of Warcraft Classic', 'The Painscreek Killings', 'AMID EVIL', 'Grim Dawn', 'ELDERBORN'),
(368, 'Final Fantasy XIV Online', 'Guild Wars 2', 'Legend of Grimrock 2', 'Drakensang: The River of Time', 'Star Wars: The Old Republic', 'Momodora III'),
(369, 'Four Last Things', 'World of Warcraft Classic', 'The Painscreek Killings', 'AMID EVIL', 'Grim Dawn', 'ELDERBORN'),
(370, 'Final Fantasy XIV Online', 'Guild Wars 2', 'Legend of Grimrock 2', 'Drakensang: The River of Time', 'Star Wars: The Old Republic', 'Momodora III'),
(371, 'Four Last Things', 'World of Warcraft Classic', 'The Painscreek Killings', 'AMID EVIL', 'Grim Dawn', 'ELDERBORN'),
(372, 'Final Fantasy XIV Online', 'Guild Wars 2', 'Legend of Grimrock 2', 'Drakensang: The River of Time', 'Star Wars: The Old Republic', 'Momodora III'),
(373, 'World of Warcraft Classic', 'The Painscreek Killings', 'AMID EVIL', 'Grim Dawn', 'ELDERBORN', 'Death s Hangover'),
(374, 'Final Fantasy XIV Online', 'Guild Wars 2', 'Legend of Grimrock 2', 'Drakensang: The River of Time', 'Star Wars: The Old Republic', 'Momodora III'),
(375, 'The Painscreek Killings', 'AMID EVIL', 'Total War: Three Kingdoms', 'ELDERBORN', 'Death s Hangover', 'Genital Jousting'),
(376, 'Endless Space', 'The Typing of the Dead: Overkill', 'Ben and Ed', 'Orcs Must Die! 2', 'Waves', 'The Chaos Engine'),
(377, 'Lost in Vivo', 'DARQ', 'Supraland', 'Devil Daggers', 'Stories Untold', 'Death s Hangover'),
(378, 'Ib', 'SCP - Containment Breach', 'Mogeko Castle', 'Endless Space', 'The Typing of the Dead: Overkill', 'Reassembly'),
(379, 'Lost in Vivo', 'Melty Blood Actress Again Current Code', 'Devil Daggers', 'Serious Sam VR: The Last Hope', 'ISLANDERS', 'SCP: Secret Laboratory'),
(380, 'Endless Space', 'The Typing of the Dead: Overkill', 'Reassembly', 'Clandestine', 'StarDrive', 'Sniper Elite: Nazi Zombie Army'),
(381, 'ISLANDERS', 'Ylands', 'Postal 4: No Regerts', 'Dawn of Andromeda', 'Stars in Shadow', 'Garbage Day'),
(382, 'Endless Space', 'Reassembly', 'StarDrive', '1954 Alcatraz', 'Dead Hungry Diner', 'Warlock: Master of the Arcane'),
(383, 'ISLANDERS', 'Ylands', 'Postal 4: No Regerts', 'Dawn of Andromeda', 'Stars in Shadow', 'Garbage Day'),
(384, 'Endless Space', 'Reassembly', 'StarDrive', '1954 Alcatraz', 'Dead Hungry Diner', 'Warlock: Master of the Arcane'),
(385, 'ISLANDERS', 'Dawn of Andromeda', 'Stars in Shadow', 'Garbage Day', 'MisBits', 'Astra Exodus'),
(386, 'Endless Space', 'Reassembly', 'StarDrive', 'Dead Hungry Diner', 'Warlock: Master of the Arcane', 'Block N Load'),
(387, 'Lone Echo', 'Unreal Tournament', 'Monolith', 'AMID EVIL', 'Desync', 'SYNTHETIK: Legion Rising'),
(388, 'The King of Fighters 2002: Unlimited Match', 'Endless Space', 'Orcs Must Die! 2', 'Quake Live', 'StarDrive', 'Chrome: SpecForce'),
(389, 'Lone Echo', 'Unreal Tournament', 'Monolith', 'The Painscreek Killings', 'AMID EVIL', 'Desync'),
(390, 'Nancy Drew: Warnings at Waverly Academy', 'Primordia', 'Endless Space', 'Orcs Must Die! 2', 'Quake Live', 'StarDrive'),
(391, 'The Painscreek Killings', 'AMID EVIL', 'Stories Untold', 'ELDERBORN', 'The Guest', 'XCOM: Chimera Squad'),
(392, 'Primordia', 'The Book of Unwritten Tales: The Critter Chronicles', 'Electric Highways', 'LUXOR Evolved', 'Enemy Mind', 'Cult of the Wind'),
(393, 'Lone Echo', 'Unreal Tournament', 'Monolith', 'AMID EVIL', 'Desync', 'SYNTHETIK: Legion Rising'),
(394, 'The King of Fighters 2002: Unlimited Match', 'Quake Live', 'Waves', 'The Chaos Engine', 'Chrome: SpecForce', 'Alien Swarm'),
(395, 'Lone Echo', 'Unreal Tournament', 'Oxygen Not Included', 'Monolith', 'Hot Dogs, Horseshoes & Hand Grenades', 'AMID EVIL'),
(396, 'Distant Worlds: Universe', 'The King of Fighters 2002: Unlimited Match', 'Imagine Earth', 'Endless Space', 'Quake Live', 'Rise of Venice'),
(397, 'Lone Echo', 'Unreal Tournament', 'Monolith', 'AMID EVIL', 'Desync', 'SYNTHETIK: Legion Rising'),
(398, 'The King of Fighters 2002: Unlimited Match', 'Endless Space', 'Quake Live', 'StarDrive', 'Chrome: SpecForce', 'Alien Swarm'),
(399, 'Lone Echo', 'Unreal Tournament', 'Monolith', 'AMID EVIL', 'Desync', 'SYNTHETIK: Legion Rising'),
(400, 'The King of Fighters 2002: Unlimited Match', 'Endless Space', 'Quake Live', 'StarDrive', 'Chrome: SpecForce', 'Alien Swarm'),
(401, 'Lone Echo', 'Unreal Tournament', 'Monolith', 'AMID EVIL', 'Desync', 'SYNTHETIK: Legion Rising'),
(402, 'The King of Fighters 2002: Unlimited Match', 'Endless Space', 'Quake Live', 'StarDrive', 'Chrome: SpecForce', 'Alien Swarm'),
(403, 'Lone Echo', 'Unreal Tournament', 'Monolith', 'AMID EVIL', 'Desync', 'SYNTHETIK: Legion Rising'),
(404, 'The King of Fighters 2002: Unlimited Match', 'Endless Space', 'Quake Live', 'StarDrive', 'Chrome: SpecForce', 'Alien Swarm'),
(405, 'Lone Echo', 'Unreal Tournament', 'Monolith', 'AMID EVIL', 'Desync', 'SYNTHETIK: Legion Rising'),
(406, 'The King of Fighters 2002: Unlimited Match', 'Endless Space', 'Quake Live', 'StarDrive', 'Chrome: SpecForce', 'Alien Swarm'),
(407, 'Lone Echo', 'Unreal Tournament', 'Monolith', 'AMID EVIL', 'Desync', 'SYNTHETIK: Legion Rising'),
(408, 'The King of Fighters 2002: Unlimited Match', 'Endless Space', 'Quake Live', 'StarDrive', 'Chrome: SpecForce', 'Alien Swarm'),
(409, 'Hello Charlotte: Childhood s End', 'Cogmind', 'World of Warcraft Classic', 'The Painscreek Killings', 'AMID EVIL', 'Stories Untold'),
(410, 'Divinity: Original Sin', 'Nancy Drew: Warnings at Waverly Academy', 'Guild Wars 2', 'Primordia', 'Sea Dogs: To Each His Own', 'UnderRail'),
(411, 'Hello Charlotte: Childhood s End', 'Cogmind', 'World of Warcraft Classic', 'The Painscreek Killings', 'AMID EVIL', 'Stories Untold'),
(412, 'Divinity: Original Sin', 'Nancy Drew: Warnings at Waverly Academy', 'Guild Wars 2', 'Primordia', 'Sea Dogs: To Each His Own', 'UnderRail'),
(413, 'ELDERBORN', 'XCOM: Chimera Squad', 'No one lives under the lighthouse', 'Shadow Arena', 'Lootbox Lyfe', ''),
(414, 'ELDERBORN', 'XCOM: Chimera Squad', 'No one lives under the lighthouse', 'Shadow Arena', 'Lootbox Lyfe', ''),
(415, 'ELDERBORN', 'XCOM: Chimera Squad', 'No one lives under the lighthouse', 'Shadow Arena', 'Lootbox Lyfe', ''),
(416, 'ELDERBORN', 'XCOM: Chimera Squad', 'No one lives under the lighthouse', 'Shadow Arena', 'Lootbox Lyfe', ''),
(417, 'ELDERBORN', 'XCOM: Chimera Squad', 'No one lives under the lighthouse', 'Shadow Arena', 'Lootbox Lyfe', ''),
(418, 'ELDERBORN', 'XCOM: Chimera Squad', 'No one lives under the lighthouse', 'Shadow Arena', 'Lootbox Lyfe', ''),
(419, 'ELDERBORN', 'XCOM: Chimera Squad', 'No one lives under the lighthouse', 'Shadow Arena', 'Lootbox Lyfe', ''),
(420, 'ELDERBORN', 'XCOM: Chimera Squad', 'No one lives under the lighthouse', 'Shadow Arena', 'Lootbox Lyfe', ''),
(421, 'ELDERBORN', 'XCOM: Chimera Squad', 'No one lives under the lighthouse', 'Shadow Arena', 'Lootbox Lyfe', ''),
(422, 'ELDERBORN', 'XCOM: Chimera Squad', 'No one lives under the lighthouse', 'Shadow Arena', 'Lootbox Lyfe', ''),
(423, 'ELDERBORN', 'XCOM: Chimera Squad', 'No one lives under the lighthouse', 'Shadow Arena', 'Lootbox Lyfe', ''),
(424, 'ELDERBORN', 'XCOM: Chimera Squad', 'No one lives under the lighthouse', 'Shadow Arena', 'Lootbox Lyfe', ''),
(425, 'ELDERBORN', 'XCOM: Chimera Squad', 'Corruption 2029', 'No one lives under the lighthouse', 'Element TD 2', 'Warhammer Underworlds: Online'),
(426, 'ELDERBORN', 'XCOM: Chimera Squad', 'Corruption 2029', 'No one lives under the lighthouse', 'Element TD 2', 'Warhammer Underworlds: Online'),
(427, 'ELDERBORN', 'XCOM: Chimera Squad', 'Corruption 2029', 'No one lives under the lighthouse', 'Element TD 2', 'Warhammer Underworlds: Online'),
(428, 'ELDERBORN', 'XCOM: Chimera Squad', 'Corruption 2029', 'No one lives under the lighthouse', 'Element TD 2', 'Warhammer Underworlds: Online'),
(429, 'ELDERBORN', 'XCOM: Chimera Squad', 'Corruption 2029', 'No one lives under the lighthouse', 'Element TD 2', 'Warhammer Underworlds: Online'),
(430, 'ELDERBORN', 'XCOM: Chimera Squad', 'Corruption 2029', 'No one lives under the lighthouse', 'Element TD 2', 'Warhammer Underworlds: Online'),
(431, 'ELDERBORN', 'XCOM: Chimera Squad', 'Corruption 2029', 'No one lives under the lighthouse', 'Element TD 2', 'Warhammer Underworlds: Online'),
(432, 'XCOM: Chimera Squad', 'Corruption 2029', 'No one lives under the lighthouse', 'Element TD 2', 'ELDERBORN', 'Warhammer Underworlds: Online'),
(433, 'ELDERBORN', 'XCOM: Chimera Squad', 'Corruption 2029', 'No one lives under the lighthouse', 'Element TD 2', 'Warhammer Underworlds: Online'),
(434, 'ELDERBORN', 'XCOM: Chimera Squad', 'Corruption 2029', 'No one lives under the lighthouse', 'Element TD 2', 'Warhammer Underworlds: Online'),
(435, 'ELDERBORN', 'XCOM: Chimera Squad', 'Corruption 2029', 'No one lives under the lighthouse', 'Element TD 2', 'Warhammer Underworlds: Online');
INSERT INTO `sauvegarde_resultats` (`id`, `jeu1`, `jeu2`, `jeu3`, `jeu4`, `jeu5`, `jeu6`) VALUES
(436, 'ELDERBORN', 'XCOM: Chimera Squad', 'Corruption 2029', 'No one lives under the lighthouse', 'Element TD 2', 'Warhammer Underworlds: Online'),
(437, 'ELDERBORN', 'XCOM: Chimera Squad', 'Corruption 2029', 'No one lives under the lighthouse', 'Element TD 2', 'Warhammer Underworlds: Online'),
(438, 'ELDERBORN', 'XCOM: Chimera Squad', 'Corruption 2029', 'No one lives under the lighthouse', 'Element TD 2', 'Warhammer Underworlds: Online'),
(439, 'ELDERBORN', 'XCOM: Chimera Squad', 'Corruption 2029', 'No one lives under the lighthouse', 'Element TD 2', 'Warhammer Underworlds: Online'),
(440, 'ELDERBORN', 'XCOM: Chimera Squad', 'Corruption 2029', 'No one lives under the lighthouse', 'Element TD 2', 'Warhammer Underworlds: Online'),
(441, 'ELDERBORN', 'XCOM: Chimera Squad', 'Corruption 2029', 'No one lives under the lighthouse', 'Element TD 2', 'Warhammer Underworlds: Online'),
(442, 'ELDERBORN', 'XCOM: Chimera Squad', 'Corruption 2029', 'No one lives under the lighthouse', 'Element TD 2', 'Warhammer Underworlds: Online'),
(443, 'ELDERBORN', 'XCOM: Chimera Squad', 'VALORANT', 'Crucible', 'Lithium City', 'Shadow Arena'),
(444, 'ELDERBORN', 'XCOM: Chimera Squad', 'VALORANT', 'Crucible', 'Lithium City', 'Shadow Arena'),
(445, 'ELDERBORN', 'XCOM: Chimera Squad', 'VALORANT', 'Crucible', 'Lithium City', 'Shadow Arena'),
(446, 'ELDERBORN', 'XCOM: Chimera Squad', 'VALORANT', 'Crucible', 'Lithium City', 'Shadow Arena'),
(447, 'ELDERBORN', 'XCOM: Chimera Squad', 'VALORANT', 'Crucible', 'Lithium City', 'Shadow Arena'),
(448, 'ELDERBORN', 'XCOM: Chimera Squad', 'VALORANT', 'Crucible', 'Lithium City', 'Shadow Arena'),
(449, 'ELDERBORN', 'XCOM: Chimera Squad', 'VALORANT', 'Crucible', 'Lithium City', 'Shadow Arena'),
(450, 'ELDERBORN', 'XCOM: Chimera Squad', 'VALORANT', 'Crucible', 'Lithium City', 'Shadow Arena'),
(451, 'ELDERBORN', 'XCOM: Chimera Squad', 'VALORANT', 'Crucible', 'Lithium City', 'Shadow Arena'),
(452, 'ELDERBORN', 'XCOM: Chimera Squad', 'VALORANT', 'Crucible', 'Lithium City', 'Shadow Arena'),
(453, 'ELDERBORN', 'XCOM: Chimera Squad', 'VALORANT', 'Crucible', 'Lithium City', 'Shadow Arena'),
(454, 'ELDERBORN', 'XCOM: Chimera Squad', 'VALORANT', 'Crucible', 'Lithium City', 'Shadow Arena'),
(455, 'ELDERBORN', 'XCOM: Chimera Squad', 'VALORANT', 'Crucible', 'Lithium City', 'Shadow Arena'),
(456, 'ELDERBORN', 'XCOM: Chimera Squad', 'VALORANT', 'Crucible', 'Lithium City', 'Shadow Arena'),
(457, 'ELDERBORN', 'XCOM: Chimera Squad', 'VALORANT', 'Crucible', 'Lithium City', 'Shadow Arena'),
(458, 'ELDERBORN', 'XCOM: Chimera Squad', 'VALORANT', 'Crucible', 'Lithium City', 'Shadow Arena'),
(459, 'ELDERBORN', 'XCOM: Chimera Squad', 'VALORANT', 'Crucible', 'Lithium City', 'Shadow Arena'),
(460, 'ELDERBORN', 'XCOM: Chimera Squad', 'VALORANT', 'Crucible', 'Lithium City', 'Shadow Arena'),
(461, 'ELDERBORN', 'XCOM: Chimera Squad', 'VALORANT', 'Crucible', 'Lithium City', 'Shadow Arena'),
(462, 'ELDERBORN', 'XCOM: Chimera Squad', 'VALORANT', 'Crucible', 'Lithium City', 'Shadow Arena'),
(463, 'ELDERBORN', 'XCOM: Chimera Squad', 'VALORANT', 'Crucible', 'Lithium City', 'Shadow Arena'),
(464, 'ELDERBORN', 'XCOM: Chimera Squad', 'VALORANT', 'Crucible', 'Lithium City', 'Shadow Arena'),
(465, 'ELDERBORN', 'XCOM: Chimera Squad', 'VALORANT', 'Crucible', 'Lithium City', 'Shadow Arena'),
(466, 'ELDERBORN', 'XCOM: Chimera Squad', 'VALORANT', 'Crucible', 'Lithium City', 'Shadow Arena'),
(467, 'ELDERBORN', 'XCOM: Chimera Squad', 'VALORANT', 'Crucible', 'Lithium City', 'Shadow Arena'),
(468, 'ELDERBORN', 'XCOM: Chimera Squad', 'VALORANT', 'Crucible', 'Lithium City', 'Shadow Arena'),
(469, 'ELDERBORN', 'XCOM: Chimera Squad', 'VALORANT', 'Crucible', 'Lithium City', 'Shadow Arena'),
(470, 'ELDERBORN', 'XCOM: Chimera Squad', 'VALORANT', 'Crucible', 'Lithium City', 'Shadow Arena'),
(471, 'ELDERBORN', 'XCOM: Chimera Squad', 'VALORANT', 'Crucible', 'Lithium City', 'Shadow Arena'),
(472, 'ELDERBORN', 'XCOM: Chimera Squad', 'VALORANT', 'Crucible', 'Lithium City', 'Shadow Arena'),
(473, 'ELDERBORN', 'XCOM: Chimera Squad', 'VALORANT', 'Crucible', 'Lithium City', 'Shadow Arena'),
(474, 'ELDERBORN', 'XCOM: Chimera Squad', 'VALORANT', 'Crucible', 'Lithium City', 'Shadow Arena'),
(475, 'ELDERBORN', 'XCOM: Chimera Squad', 'VALORANT', 'Crucible', 'Lithium City', 'Shadow Arena'),
(476, 'ELDERBORN', 'XCOM: Chimera Squad', 'VALORANT', 'Crucible', 'Lithium City', 'Shadow Arena'),
(477, 'ELDERBORN', 'XCOM: Chimera Squad', 'VALORANT', 'Crucible', 'Lithium City', 'Shadow Arena'),
(478, 'ELDERBORN', 'XCOM: Chimera Squad', 'VALORANT', 'Crucible', 'Lithium City', 'Shadow Arena'),
(479, 'ELDERBORN', 'XCOM: Chimera Squad', 'VALORANT', 'Crucible', 'Lithium City', 'Shadow Arena'),
(480, 'ELDERBORN', 'XCOM: Chimera Squad', 'VALORANT', 'Crucible', 'Lithium City', 'Shadow Arena'),
(481, 'ELDERBORN', 'XCOM: Chimera Squad', 'VALORANT', 'Crucible', 'Lithium City', 'Shadow Arena'),
(482, 'ELDERBORN', 'XCOM: Chimera Squad', 'VALORANT', 'Crucible', 'Lithium City', 'Shadow Arena'),
(483, 'ELDERBORN', 'XCOM: Chimera Squad', 'VALORANT', 'Crucible', 'Lithium City', 'Shadow Arena'),
(484, 'ELDERBORN', 'XCOM: Chimera Squad', 'VALORANT', 'Crucible', 'Lithium City', 'Shadow Arena'),
(485, 'ELDERBORN', 'XCOM: Chimera Squad', 'VALORANT', 'Crucible', 'Lithium City', 'Shadow Arena'),
(486, 'ELDERBORN', 'XCOM: Chimera Squad', 'VALORANT', 'Crucible', 'Lithium City', 'Shadow Arena'),
(487, 'ELDERBORN', 'XCOM: Chimera Squad', 'VALORANT', 'Crucible', 'Lithium City', 'Shadow Arena'),
(488, 'ELDERBORN', 'XCOM: Chimera Squad', 'VALORANT', 'Crucible', 'Lithium City', 'Shadow Arena'),
(489, '', '', '', '', '', ''),
(490, 'Starlit Adventures', 'MonsterBlast', 'CUBERS: ARENA', 'Wizards: Wand of Epicosity', 'Doug Hates His Job', 'Vosaria: Lair of the Forgotten'),
(491, 'Starlit Adventures', 'MonsterBlast', 'CUBERS: ARENA', 'Wizards: Wand of Epicosity', 'Doug Hates His Job', 'Vosaria: Lair of the Forgotten'),
(492, 'Starlit Adventures', 'MonsterBlast', 'CUBERS: ARENA', 'Wizards: Wand of Epicosity', 'Doug Hates His Job', 'Vosaria: Lair of the Forgotten'),
(493, 'Starlit Adventures', 'MonsterBlast', 'CUBERS: ARENA', 'Wizards: Wand of Epicosity', 'Doug Hates His Job', 'Vosaria: Lair of the Forgotten'),
(494, 'Starlit Adventures', 'MonsterBlast', 'CUBERS: ARENA', 'Wizards: Wand of Epicosity', 'Doug Hates His Job', 'Vosaria: Lair of the Forgotten'),
(495, 'Starlit Adventures', 'MonsterBlast', 'CUBERS: ARENA', 'Wizards: Wand of Epicosity', 'Doug Hates His Job', 'Vosaria: Lair of the Forgotten'),
(496, 'Starlit Adventures', 'MonsterBlast', 'CUBERS: ARENA', 'Wizards: Wand of Epicosity', 'Doug Hates His Job', 'Vosaria: Lair of the Forgotten'),
(497, 'Starlit Adventures', 'MonsterBlast', 'CUBERS: ARENA', 'Wizards: Wand of Epicosity', 'Doug Hates His Job', 'Vosaria: Lair of the Forgotten'),
(498, 'Starlit Adventures', 'MonsterBlast', 'CUBERS: ARENA', 'Wizards: Wand of Epicosity', 'Doug Hates His Job', 'Vosaria: Lair of the Forgotten'),
(499, 'Starlit Adventures', 'MonsterBlast', 'CUBERS: ARENA', 'Wizards: Wand of Epicosity', 'Doug Hates His Job', 'Vosaria: Lair of the Forgotten'),
(500, 'Starlit Adventures', 'MonsterBlast', 'CUBERS: ARENA', 'Wizards: Wand of Epicosity', 'Doug Hates His Job', 'Vosaria: Lair of the Forgotten'),
(501, 'Starlit Adventures', 'MonsterBlast', 'CUBERS: ARENA', 'Wizards: Wand of Epicosity', 'Doug Hates His Job', 'Vosaria: Lair of the Forgotten'),
(502, 'Starlit Adventures', 'MonsterBlast', 'CUBERS: ARENA', 'Wizards: Wand of Epicosity', 'Doug Hates His Job', 'Vosaria: Lair of the Forgotten'),
(503, 'Starlit Adventures', 'MonsterBlast', 'CUBERS: ARENA', 'Wizards: Wand of Epicosity', 'Doug Hates His Job', 'Vosaria: Lair of the Forgotten'),
(504, 'Starlit Adventures', 'MonsterBlast', 'CUBERS: ARENA', 'Wizards: Wand of Epicosity', 'Doug Hates His Job', 'Vosaria: Lair of the Forgotten'),
(505, 'Starlit Adventures', 'MonsterBlast', 'CUBERS: ARENA', 'Wizards: Wand of Epicosity', 'Doug Hates His Job', 'Vosaria: Lair of the Forgotten'),
(506, 'Starlit Adventures', 'MonsterBlast', 'CUBERS: ARENA', 'Wizards: Wand of Epicosity', 'Doug Hates His Job', 'Vosaria: Lair of the Forgotten'),
(507, 'Starlit Adventures', 'MonsterBlast', 'CUBERS: ARENA', 'Wizards: Wand of Epicosity', 'Doug Hates His Job', 'Vosaria: Lair of the Forgotten'),
(508, 'Starlit Adventures', 'MonsterBlast', 'CUBERS: ARENA', 'Wizards: Wand of Epicosity', 'Doug Hates His Job', 'Vosaria: Lair of the Forgotten'),
(509, 'Starlit Adventures', 'MonsterBlast', 'CUBERS: ARENA', 'Wizards: Wand of Epicosity', 'Doug Hates His Job', 'Vosaria: Lair of the Forgotten'),
(510, 'Squad', 'ELDERBORN', 'Witch It', 'Post Void', 'BPM: BULLETS PER MINUTE', 'XCOM: Chimera Squad'),
(511, 'ELDERBORN', 'Witch It', 'Post Void', 'BPM: BULLETS PER MINUTE', 'XCOM: Chimera Squad', 'Skul: The Hero Slayer');

--
-- Indexes for dumped tables
--

--
-- Indexes for table `link_igdb_rawg`
--
ALTER TABLE `link_igdb_rawg`
  ADD PRIMARY KEY (`id`);

--
-- Indexes for table `ponderation_genres`
--
ALTER TABLE `ponderation_genres`
  ADD PRIMARY KEY (`id`);

--
-- Indexes for table `sauvegarde_resultats`
--
ALTER TABLE `sauvegarde_resultats`
  ADD PRIMARY KEY (`id`);

--
-- AUTO_INCREMENT for dumped tables
--

--
-- AUTO_INCREMENT for table `link_igdb_rawg`
--
ALTER TABLE `link_igdb_rawg`
  MODIFY `id` int(11) NOT NULL AUTO_INCREMENT, AUTO_INCREMENT=720;

--
-- AUTO_INCREMENT for table `ponderation_genres`
--
ALTER TABLE `ponderation_genres`
  MODIFY `id` tinyint(4) NOT NULL AUTO_INCREMENT, AUTO_INCREMENT=22;

--
-- AUTO_INCREMENT for table `sauvegarde_resultats`
--
ALTER TABLE `sauvegarde_resultats`
  MODIFY `id` int(255) NOT NULL AUTO_INCREMENT, AUTO_INCREMENT=512;

/*!40101 SET CHARACTER_SET_CLIENT=@OLD_CHARACTER_SET_CLIENT */;
/*!40101 SET CHARACTER_SET_RESULTS=@OLD_CHARACTER_SET_RESULTS */;
/*!40101 SET COLLATION_CONNECTION=@OLD_COLLATION_CONNECTION */;
